"sleeveId","ポケスリ商品名","楽天商品名","価格","ショップ","matchScore","reviewReason","確認結果"
"100548","レシラム","【新品】 ポケモンカードゲーム デッキシールド ◆レシラム◆ スリーブ プロテクター 64枚入り","780","カメ本舗","0.9","必須条件を満たす候補が複数あるため要確認です",""
"100555","ゼクロム","ポケモンカードゲーム デッキシールド ゼクロム 2025年6月6日新発売","880","P-G-shop","0.9","必須条件を満たす候補が複数あるため要確認です",""
"100654","エーフィ・ブラッキー","海外ポケモンセンター限定 ポケモンカードゲーム デッキシールド スリーブ エーフィ&ブラッキー タイムレスフレンズ ブラッキー 並行輸入品 代引不可商品","3480","WFS(World Free Store)","0.9","必須条件を満たす候補が複数あるため要確認です",""
"102337","ツタージャ・ポカブ・ミジュマル","ポケモンセンターオリジナル ポケモンカードゲーム デッキシールド スリーブ ツタージャ＆ポカブ＆ミジュマル 代引不可商品","1780","WFS(World Free Store)","0.9","必須条件を満たす候補が複数あるため要確認です",""
"104331","カミツレ","ポケモンカードゲーム デッキシールド カミツレの休日","1020","フルアヘッド","0.9","必須条件を満たす候補が複数あるため要確認です",""
"104348","ゾロア・ゾロアーク","ポケモンセンターオリジナル ポケモンカードゲーム デッキシールド スリーブ ゾロアーク ヒスイのすがた 代引不可商品","1280","WFS(World Free Store)","0.9","必須条件を満たす候補が複数あるため要確認です",""
"115566","レックウザ","ポケモンカードゲーム デッキシールド スリーブ ダイマックス レックウザ 代引不可商品","1680","WFS(World Free Store)","0.9","必須条件を満たす候補が複数あるため要確認です",""
"116174","シロナ","ポケモンカードゲーム デッキシールド シロナの全力","8380","フルアヘッド","0.9","必須条件を満たす候補が複数あるため要確認です",""
"123776","フウロ","【中古】 ポケモンカードゲーム オフィシャルデッキシールド (フウロ) 62枚","7856","バリューコネクト","0.9","必須条件を満たす候補が複数あるため要確認です",""
"125480","ルギア","ポケモンカードゲーム デッキシールド スリーブ ルギア＆レジエレキ＆レジドラゴ 代引不可商品","1480","WFS(World Free Store)","0.9","必須条件を満たす候補が複数あるため要確認です",""
"130354","デオキシス・ボルトロス","【中古】（非常に良い）ポケモンカードゲーム オフィシャルデッキシールド デオキシス・ボルトロス","5080","GoodLifeStore","1.1","必須条件を満たす候補が複数あるため要確認です",""
"131597","レッド＆ブルー","【中古】サプライ ポケモンカードゲーム デッキシールド(スリーブ) レッド・グリーン アニメイト・ポケモンセンター限定","4130","ネットショップ駿河屋 楽天市場店","0.94","ポケスリ側の商品名の主要語が一部しか一致しません",""
"134918","メガリザードン","ポケモンカードゲーム [デッキシールド /メガリザードンX/スリーブ 64枚]","980","REALiZE トレカ&ホビー楽天市場店","0.9","必須条件を満たす候補が複数あるため要確認です",""
"135021","メガルカリオ","ポケモンカードゲーム デッキシールド メガルカリオ 64枚入り カードスリーブ カード保護袋 スタンダードデッキ対応 ハーフデッキ対応","980","インポートショップ アリス","0.9","必須条件を満たす候補が複数あるため要確認です",""
"135175","ゲッコウガ","ポケモン ポケモンカードゲーム デッキシールド メガゲッコウガ （ZC172766）","880","でじたみん 楽天市場店","0.9","必須条件を満たす候補が複数あるため要確認です",""
"135427","メガレックウザ","【中古】（非常に良い）ポケモンカードゲーム デッキシールド メガレックウザ","4968","GoodLifeStore","1.1","必須条件を満たす候補が複数あるため要確認です",""
"135595","ときはなたれしフーパ","【中古】ポケモンカードゲーム デッキシールド ときはなたれしフーパ","4680","ハッピーストア藤岡","0.9","必須条件を満たす候補が複数あるため要確認です",""
"135830","MI","ポケモンセンターオリジナル ポケモンカードゲーム デッキシールド スリーブ プレミアム グロス Midnight Agent the cinema インテレオン 代引不可商品","1780","WFS(World Free Store)","0.9","必須条件を満たす候補が複数あるため要確認です",""
"168876","ポケ紋","ポケモンカードゲーム デッキシールド 百ポケ夜行のポケ紋","5880","フルアヘッド","0.9","必須条件を満たす候補が複数あるため要確認です",""
"168913","ミロカロス","ポケモンセンターオリジナル ポケモンカードゲーム デッキシールド スリーブ プレミアム グロス ミロカロス 代引不可商品","1780","WFS(World Free Store)","0.9","必須条件を満たす候補が複数あるため要確認です",""
"176925","フーパ","【中古】ポケモンカードゲーム デッキシールド ときはなたれしフーパ","4680","ハッピーストア藤岡","0.9","必須条件を満たす候補が複数あるため要確認です",""
"190570","ソルガレオ・ルナアーラ","ポケモンカードゲーム 【デッキシールド単品】ダブルデッキシールド リーリエ＆ソルガレオ・ルナアーラ","4580","フルアヘッド","0.9","必須条件を満たす候補が複数あるため要確認です",""
"190709","トロピカル☆パーティ","【中古】ポケモンカードゲーム　デッキシールド トロピカル☆パーティ","7292","GoodLifeStore","0.9","必須条件を満たす候補が複数あるため要確認です",""
"191140","ミミッキュ","ポケモンカードゲーム デッキシールド BALL FREAK ミミッキュ","3020","フルアヘッド","0.9","必須条件を満たす候補が複数あるため要確認です",""
"191157","へんしん！メタモン","ポケモンカードゲーム デッキシールド へんしん！メタモン ver.2","4020","フルアヘッド","0.9","必須条件を満たす候補が複数あるため要確認です",""
"191454","カビゴン","ポケモンカードゲーム [デッキシールド /カントーの冒険 ピカチュウ＆カビゴン/スリーブ 64枚]","1580","REALiZE トレカ&ホビー楽天市場店","0.9","必須条件を満たす候補が複数あるため要確認です",""
"191935","がんばリーリエ","ポケモンカードゲーム デッキシールド がんばリーリエ","4580","フルアヘッド","1.1","必須条件を満たす候補が複数あるため要確認です",""
"2011004","リザードン","ポケモンカードゲーム デッキシールド プロ リザードン","1980","P-G-shop","0.9","必須条件を満たす候補が複数あるため要確認です",""
"2014001","メガサーナイト","ポケモンカードゲーム デッキシールド メガサーナイト","700","Outlet Plaza","0.9","必須条件を満たす候補が複数あるため要確認です",""
"2016007","ホエルオー","【中古】（非常に良い）ポケモンカードゲーム デッキシールド コイキング&ホエルオー TAG TEAM GX","9456","GoodLifeStore","0.9","必須条件を満たす候補が複数あるため要確認です",""
"2017001","アセロラ","ポケモンセンターオリジナル ポケモンカードゲーム デッキシールド アセロラ","2480","P-G-shop","0.9","必須条件を満たす候補が複数あるため要確認です",""
"2017009","リーリエ＆ソルガレオ","ポケモンカードゲーム 【デッキシールド単品】ダブルデッキシールド リーリエ＆ソルガレオ・ルナアーラ","4580","フルアヘッド","0.9","必須条件を満たす候補が複数あるため要確認です",""
"2017010","リーリエ＆ルナアーラ","ポケモンカードゲーム 【デッキシールド単品】ダブルデッキシールド リーリエ＆ソルガレオ・ルナアーラ","4580","フルアヘッド","0.9","必須条件を満たす候補が複数あるため要確認です",""
"2018001","ルチア","ポケモンカードゲーム デッキシールド スリーブ チルタリス&ルチア Ver.2 代引不可商品","1480","WFS(World Free Store)","0.9","必須条件を満たす候補が複数あるため要確認です",""
"2020003","オリーヴ","ポケモンカード デッキシールド オリーヴ 64枚入り 未開封スリーブ 【中古】","990","トレカ通販 トレトク楽天市場店","0.9","必須条件を満たす候補が複数あるため要確認です",""
"2020005","ルリナ","ポケモンカードゲーム デッキシールド POKEMON TRAINERS Off Shot! ルリナ","1020","フルアヘッド","0.9","必須条件を満たす候補が複数あるため要確認です",""
"2020006","マリィ","ポケモンカードゲーム デッキシールド POKEMON TRAINERS Off Shot! ユウリ＆マリィ","1820","フルアヘッド","0.9","必須条件を満たす候補が複数あるため要確認です",""
"2022006","コンゴウ団の仲間たち","ポケモンカードゲーム 【デッキシールド単品】デッキシールド コンゴウ団の仲間たち","1120","フルアヘッド","0.9","必須条件を満たす候補が複数あるため要確認です",""
"2023001","ナンジャモ","ポケモンカードゲーム デッキシールド ナンジャモ","1280","Outlet Plaza","0.9","必須条件を満たす候補が複数あるため要確認です",""
"2025001","リーリエ","ポケモンカードゲーム デッキシールド がんばリーリエ","4580","フルアヘッド","0.9","必須条件を満たす候補が複数あるため要確認です",""
"2025002","アセロラ","ポケモンセンターオリジナル ポケモンカードゲーム デッキシールド アセロラ","2480","P-G-shop","0.9","必須条件を満たす候補が複数あるため要確認です",""
"226231","マオ・スイレン・リーリエ","【中古】サプライ ポケモンカードゲーム デッキシールド(スリーブ) マオ・スイレン・リーリエ","9520","ネットショップ駿河屋 楽天市場店","1.1","必須条件を満たす候補が複数あるため要確認です",""
"226248","ピカチュウ フェイス","ポケモンカードゲーム デッキシールド ピカチュウフェイス ver.2","2020","フルアヘッド","0.9","必須条件を満たす候補が複数あるため要確認です",""
"226811","ルギア","ポケモンカードゲーム デッキシールド スリーブ ルギア＆レジエレキ＆レジドラゴ 代引不可商品","1480","WFS(World Free Store)","0.9","必須条件を満たす候補が複数あるため要確認です",""
"226903","フーパ","【中古】ポケモンカードゲーム デッキシールド ときはなたれしフーパ","4680","ハッピーストア藤岡","0.9","必須条件を満たす候補が複数あるため要確認です",""
"226927","くっつきなかよしイーブイたち","【中古】（非常に良い）ポケモンカードゲーム デッキシールド くっつきなかよしイーブイたち","5750","GoodLifeStore","1.1","必須条件を満たす候補が複数あるため要確認です",""
"228570","イーブイポンチョシリーズ NP","【中古】サプライ ポケモンカードゲーム デッキシールド(スリーブ) イーブイ ポンチョシリーズ NP ポケモンセンター限定","19800","ネットショップ駿河屋 楽天市場店","0.94","ポケスリ側の商品名の主要語が一部しか一致しません",""
"246130","ピカチュウ＆ゼクロム TAG TEAM GX","ポケモンカードゲーム デッキシールド ピカチュウ&ゼクロム TAG TEAM GX","1380","優良品館","1.1","必須条件を満たす候補が複数あるため要確認です",""
"246185","コイキング&ホエルオー TAG TEAM GX","【中古】（非常に良い）ポケモンカードゲーム デッキシールド コイキング&ホエルオー TAG TEAM GX","9456","GoodLifeStore","1.1","必須条件を満たす候補が複数あるため要確認です",""
"246574","ミュウツー","【中古】（非常に良い）ポケモンカードゲーム デッキシールド ミュウツー ver.2","5080","GoodLifeStore","1.1","必須条件を満たす候補が複数あるため要確認です",""
"246581","へんしん！メタモン ver.2","ポケモンカードゲーム デッキシールド へんしん！メタモン ver.2","4020","フルアヘッド","0.9","必須条件を満たす候補が複数あるため要確認です",""
"246826","名探偵ピカチュウ","【中古】ポケモンカードゲーム デッキシールド 名探偵ピカチュウ","4680","ハッピーストア藤岡","0.9","必須条件を満たす候補が複数あるため要確認です",""
"246864","グズマ","【中古】(非常に良い)ポケモンカードゲーム デッキシールド グズマ","7986","GoodLifeStore","0.9","必須条件を満たす候補が複数あるため要確認です",""
"246871","ファイヤー&サンダー&フリーザー TAG TEAM GX","【中古】サプライ ポケモンカードゲーム デッキシールド(スリーブ) ファイヤー＆サンダー＆フリーザー","1380","ネットショップ駿河屋 楽天市場店","0.94","ポケスリ側の商品名の主要語が一部しか一致しません",""
"246901","ロケット団","ポケモンカードゲーム デッキシールド ロケット団の栄光","1980","P-G-shop","0.9","必須条件を満たす候補が複数あるため要確認です",""
"247403","レッド＆ピカチュウ","ポケモンセンターオリジナル ポケモンカードゲーム デッキシールド スリーブ ポケモンドールズ レッド ピカチュウ 代引不可商品","1780","WFS(World Free Store)","0.9","必須条件を満たす候補が複数あるため要確認です",""
"254500","ミュウツー Ver.2","【中古】（非常に良い）ポケモンカードゲーム デッキシールド ミュウツー ver.2","5080","GoodLifeStore","0.9","必須条件を満たす候補が複数あるため要確認です",""
"262567","リカケイノオトコ ロボピカチュウ","【中古】（非常に良い）ポケモンセンターオリジナル ポケモンカードゲーム デッキシールド リカケイノオトコ ロボピカチュウ","6227","GoodLifeStore","1.1","必須条件を満たす候補が複数あるため要確認です",""
"262574","リカケイノオトコ ジッケンシツ","【中古】(非常に良い)ポケモンセンターオリジナル ポケモンカードゲーム デッキシールド リカケイノオトコ ジッケンシツ","7986","GoodLifeStore","0.9","必須条件を満たす候補が複数あるため要確認です",""
"265018","BL Pokémon White","【中古】サプライ ポケモンカードゲーム デッキシールド(スリーブ) BL Pokemon White ポケモンセンター限定","2380","ネットショップ駿河屋 楽天市場店","0.96","ポケスリ側の商品名の主要語が一部しか一致しません",""
"265032","ピカチュウ　ジュエル","【中古】ポケモンセンターオリジナル ポケモンカードゲーム デッキシールド ピカチュウ ジュエル","4578","GoodLifeStore","0.9","必須条件を満たす候補が複数あるため要確認です",""
"266190","進化の系譜 リザードン","【中古】ポケモンカードゲーム デッキシールド 進化の系譜 リザードン","10500","GoodLifeStore","0.9","必須条件を満たす候補が複数あるため要確認です",""
"266213","進化の系譜 カメックス","【中古】(非常に良い)ポケモンカードゲーム デッキシールド 進化の系譜 カメックス","10810","GoodLifeStore","0.9","必須条件を満たす候補が複数あるため要確認です",""
"266688","おでかけフェアリー","ポケモンカードゲーム デッキシールド おでかけフェアリー","1820","フルアヘッド","0.9","必須条件を満たす候補が複数あるため要確認です",""
"266862","ダメカン10","ポケモンカード デッキシールド ダメカン10 64枚入り 未開封スリーブ 【中古】","1420","トレカ通販 トレトク楽天市場店","0.9","必須条件を満たす候補が複数あるため要確認です",""
"274492","PIKACHU PIKACHU","【中古】（非常に良い）ポケモンセンターオリジナル ポケモンカードゲーム デッキシールド PIKACHU PIKACHU","5746","GoodLifeStore","1.1","必須条件を満たす候補が複数あるため要確認です",""
"274508","Pikachu drawing","【中古】【39shop】ポケモンセンターオリジナル★ポケモンカードゲーム デッキシールド Pikachu drawing（非常に良い）","6890","ドリエム楽天市場店","0.9","必須条件を満たす候補が複数あるため要確認です",""
"277448","Oceanic Operetta ミロカロス","【中古】(非常に良い)ポケモンセンターオリジナル ポケモンカードゲーム デッキシールド Oceanic Operetta ミロカロス","6038","ハッピーストア藤岡","0.9","必須条件を満たす候補が複数あるため要確認です",""
"283692","Pokémon's eye 129","ポケモンカードゲーム デッキシールド Pokemon's eye 129","4580","フルアヘッド","0.76","ポケスリ側の商品名の主要語が一部しか一致しません",""
"283722","サルノリ・ヒバニー・メッソン","【中古】サプライ ポケモンカードゲーム デッキシールド(スリーブ) サルノリ・ヒバニー・メッソン","680","ネットショップ駿河屋 楽天市場店","1.1","必須条件を満たす候補が複数あるため要確認です",""
"283760","ザシアン＆ザマゼンタ","ポケモンカードゲーム　デッキシールド　ザシアン・ザマゼンタ","2980","P-G-shop","1.1","必須条件を満たす候補が複数あるため要確認です",""
"288932","Pokémon World Market","ポケモンカードゲーム デッキシールド Pokemon World Market","3020","フルアヘッド","0.76","ポケスリ側の商品名の主要語が一部しか一致しません",""
"28972","ADV","ポケモンセンターオリジナル ポケモンカードゲーム デッキシールド スリーブ PIKACHU ADVENTURE ゼラオラ 代引不可商品","1680","WFS(World Free Store)","0.9","必須条件を満たす候補が複数あるため要確認です",""
"290416","マホイップ","ポケモンカードゲーム [デッキシールド /ガラルの冒険 ザシアン＆マホイップ/スリーブ 64枚]","1580","REALiZE トレカ&ホビー楽天市場店","0.9","必須条件を満たす候補が複数あるため要確認です",""
"290492","ダッシュ！イーブイズ","ポケモンカードゲーム デッキシールド ダッシュ！イーブイズ ver.2","2980","P-G-shop","0.9","必須条件を満たす候補が複数あるため要確認です",""
"290515","進化の系譜 リザードン","【中古】ポケモンカードゲーム デッキシールド 進化の系譜 リザードン","10500","GoodLifeStore","0.9","必須条件を満たす候補が複数あるため要確認です",""
"301532","Flowers in full bloom","【中古】（非常に良い）ポケモンセンターオリジナル ポケモンカードゲーム デッキシールド Flowers in full bloom","5080","GoodLifeStore","0.9","必須条件を満たす候補が複数あるため要確認です",""
"306254","バンギラス","ポケモンセンターオリジナル ポケモンカードゲーム デッキシールド スリーブ プレミアム グロス 雷 テラスタル バンギラス 代引不可商品","1780","WFS(World Free Store)","0.9","必須条件を満たす候補が複数あるため要確認です",""
"306261","エンペルト","ポケモンセンターオリジナル ポケモンカードゲーム デッキシールド エンペルト","2388","amax 楽天市場店","0.9","必須条件を満たす候補が複数あるため要確認です",""
"306407","バシャーモ","ポケモンカードゲーム [デッキシールド /ホウエンの冒険 カイオーガ＆バシャーモ/スリーブ 64枚]","1580","REALiZE トレカ&ホビー楽天市場店","0.9","必須条件を満たす候補が複数あるため要確認です",""
"306582","バドレックス（こくばじょうのすがた）","ポケモンカードゲーム デッキシールド スリーブ バドレックス こくばじょうのすがた 代引不可商品","1980","WFS(World Free Store)","1.1","必須条件を満たす候補が複数あるため要確認です",""
"306612","ゼラオラ","ポケモンカードゲーム デッキシールド PIKACHU ADVENTURE ゼラオラ","1320","フルアヘッド","0.9","必須条件を満たす候補が複数あるため要確認です",""
"310015","Pokémon GalarTabi","ポケモンカードゲーム デッキシールド Pokemon GalarTabi","3020","フルアヘッド","0.74","ポケスリ側の商品名の主要語が一部しか一致しません",""
"310046","Contents of Trainer's bag GR","ポケモンカード デッキシールド Contents of Trainer’s bag GR 64枚入り 未開封スリーブ 【中古】","1210","トレカ通販 トレトク楽天市場店","0.78","ポケスリ側の商品名の主要語が一部しか一致しません",""
"314440","Pokémon Trainers ネズ","ポケモンカードゲーム デッキシールド プレミアム・グロス Pokemon Trainers ネズ","1520","フルアヘッド","0.76","ポケスリ側の商品名の主要語が一部しか一致しません",""
"319094","Pokémon Yurutto 寝そべり","ポケモンカードゲーム デッキシールド Pokemon Yurutto 寝そべり","2520","フルアヘッド","0.76","ポケスリ側の商品名の主要語が一部しか一致しません",""
"322476","キョダイマックスジュラルドン","在庫あり[メール便OK]【新品】【TTAC】ポケモンCG デッキシールド キョダイマックスジュラルドン","750","浅草マッハ!!","1.1","必須条件を満たす候補が複数あるため要確認です",""
"322490","ダイマックスレックウザ","【中古】(非常に良い)ポケモンカードゲーム デッキシールド ダイマックスレックウザ","5080","GoodLifeStore","0.9","必須条件を満たす候補が複数あるため要確認です",""
"322742","ピカチュウ","ポケモンセンターオリジナル ポケモンカードゲーム スリーブ デッキシールド プロ ピカチュウ 代引不可商品","1780","WFS(World Free Store)","1.1","必須条件を満たす候補が複数あるため要確認です",""
"322827","シャンデラ","ポケモンカードゲーム デッキシールド シャンデラ","1320","フルアヘッド","0.9","必須条件を満たす候補が複数あるため要確認です",""
"322940","25th ANNIVERSARY COLLECTION","ポケモンカードゲーム デッキシールド 25th ANNIVERSARY COLLECTION","980","優良品館","1.1","必須条件を満たす候補が複数あるため要確認です",""
"323145","アセロラ","ポケモンセンターオリジナル ポケモンカードゲーム デッキシールド スリーブ アセロラ 代引不可商品","1980","WFS(World Free Store)","1.1","必須条件を満たす候補が複数あるため要確認です",""
"323152","ふんわりはんなり","ポケモンセンターオリジナル ポケモンカードゲーム デッキシールド スリーブ ふんわりはんなり 代引不可商品","1280","WFS(World Free Store)","1.1","必須条件を満たす候補が複数あるため要確認です",""
"323213","モンスターボール","ポケモンセンターオリジナル デッキシールド プロ モンスターボール ポケモンカードゲーム","1480","フレスタ堂 楽天市場店","1.1","必須条件を満たす候補が複数あるため要確認です",""
"330556","Pokémonぴかぴかフレンズ 総柄","ポケモンカードゲーム デッキシールド Pokemonぴかぴかフレンズ 総柄","2520","フルアヘッド","0.74","ポケスリ側の商品名の主要語が一部しか一致しません",""
"330563","Pokémon fit","ポケモンカードゲーム デッキシールド Pokemon fit","1820","フルアヘッド","0.74","ポケスリ側の商品名の主要語が一部しか一致しません",""
"338163","Mawhip à la mode","【中古】サプライ ポケモンカードゲーム デッキシールド(スリーブ) Mawhip a la mode ポケモンセンター・ポケモンストア限定","1750","ネットショップ駿河屋 楽天市場店","0.97","ポケスリ側の商品名の主要語が一部しか一致しません",""
"345451","悪テラスタルリザードン","ポケモンカードゲーム 　デッキシールド　プレミアム・グロス　悪テラスタルリザードン","2480","P-G-shop","1.1","必須条件を満たす候補が複数あるため要確認です",""
"345499","ゲッコウガ","ポケモン ポケモンカードゲーム デッキシールド メガゲッコウガ （ZC172766）","880","でじたみん 楽天市場店","0.9","必須条件を満たす候補が複数あるため要確認です",""
"345529","BALL&ENERGY","ポケモンカードゲーム デッキシールド BALL&ENERGY","1150","P-G-shop","1.1","必須条件を満たす候補が複数あるため要確認です",""
"345581","ピカチュウ大集合","【有在庫】ポケモンカードゲームデッキシールド　〔ピカチュウ大集合、メガリザードンX〕2種セット","1200","D.R.Ashop","1.1","必須条件を満たす候補が複数あるため要確認です",""
"345673","ハルクジラ","ポケモン カードゲーム デッキシールド ハルクジラ","1229","梵たん 楽天市場店","1.1","必須条件を満たす候補が複数あるため要確認です",""
"345703","タギングル","ポケモンセンターオリジナル ポケモンカードゲーム デッキシールド スリーブ タギングル 代引不可商品","1280","WFS(World Free Store)","1.1","必須条件を満たす候補が複数あるため要確認です",""
"345710","ピカチュウ＆パモ","ポケモンセンターオリジナル ポケモンカードゲーム デッキシールド スリーブ ピカチュウ＆パモ 代引不可商品","1780","WFS(World Free Store)","1.1","必須条件を満たす候補が複数あるため要確認です",""
"345741","ディンルー","ポケモンカードゲーム デッキシールド ディンルー","820","P-G-shop","1.1","必須条件を満たす候補が複数あるため要確認です",""
"345758","パオジアン","【エントリーで全品P5倍】ポケモンカードゲーム デッキシールド パオジアン 新品未開封","870","イーバリュー楽天市場店","1.1","必須条件を満たす候補が複数あるため要確認です",""
"345765","ニャオハ・ホゲータ・クワッスの贈り物","ポケモン TCG 64枚 カードスリーブ デッキシールド ニャオハ・ホゲータ・クワッスの贈り物","2169","凛々堂 楽天市場店","1.1","必須条件を満たす候補が複数あるため要確認です",""
"346113","テラスタルウインディ","ポケモンカード デッキシールドプレミアム・グロス テラスタルウインディ 64枚入り 未開封スリーブ 【中古】","930","トレカ通販 トレトク楽天市場店","0.9","必須条件を満たす候補が複数あるため要確認です",""
"351100","COOL×METAL ギルガルド","【中古】サプライ ポケモンカードゲーム デッキシールド(スリーブ) プレミアム・グロス COOL×METAL ギルガルド ポケモンセンター限定","1500","ネットショップ駿河屋 楽天市場店","1.1","必須条件を満たす候補が複数あるため要確認です",""
"351773","もりのおくりもの","【中古】サプライ ポケモンカードゲーム デッキシールド(スリーブ) もりのおくりもの ポケモンセンター限定","980","ネットショップ駿河屋 楽天市場店","1.1","必須条件を満たす候補が複数あるため要確認です",""
"356129","ミックスオレ","ポケモンカードゲーム デッキシールド ミックスオレ","1320","フルアヘッド","0.9","必須条件を満たす候補が複数あるため要確認です",""
"356143","PIKACHU ADVENTURE レックウザ","【中古】ポケモンセンターオリジナル ポケモンカードゲーム デッキシールド PIKACHU ADVENTURE レックウザ","4580","GoodLifeStore","0.9","必須条件を満たす候補が複数あるため要確認です",""
"359601","ベル","【中古】サプライ ポケモンカードゲーム デッキシールド(スリーブ) ベル ポケモンセンター・ポケモンカードジム限定","1250","ネットショップ駿河屋 楽天市場店","1.1","必須条件を満たす候補が複数あるため要確認です",""
"360621","コライドン","ポケモンカードゲーム デッキシールド コライドン","1180","ケイスマオンライン","0.9","必須条件を満たす候補が複数あるため要確認です",""
"360638","ミライドン","ポケモンカードゲーム デッキシールド ミライドン","1230","P-G-shop","0.9","必須条件を満たす候補が複数あるため要確認です",""
"360676","サザレ","ポケモンセンターオリジナル ポケモンカードゲーム デッキシールド スリーブ サザレ ガーディ 代引不可商品","1780","WFS(World Free Store)","1.1","必須条件を満たす候補が複数あるため要確認です",""
"361307","テラスタルオーガポン みどりのめん","ポケモンカードゲーム デッキシールド プレミアム・グロス テラスタルオーガポン みどりのめん","980","P-G-shop","1.1","必須条件を満たす候補が複数あるため要確認です",""
"361536","カシオペア","ポケモンセンターオリジナル ポケモンカードゲーム デッキシールド スリーブ カシオペア サンダース リーフィア 代引不可商品","1780","WFS(World Free Store)","1.1","必須条件を満たす候補が複数あるため要確認です",""
"362298","テラスタイプ：ステラ ラプラス","【中古】(非常に良い)ポケモンセンターオリジナル ポケモンカードゲーム デッキシールド プレミアム・グロス テラスタイプ：ステラ ラプラス","4830","GoodLifeStore","0.9","必須条件を満たす候補が複数あるため要確認です",""
"362328","タロ","ポケモンセンターオリジナル ポケモンカードゲーム デッキシールド スリーブ タロ ポケモントレーナー 代引不可商品","1780","WFS(World Free Store)","1.1","必須条件を満たす候補が複数あるため要確認です",""
"362434","アローラの冒険 カプ・コケコ＆ミミッキュ","ポケモンカードゲーム [デッキシールド /アローラの冒険 カプ・コケコ＆ミミッキュ/スリーブ 64枚]","1580","REALiZE トレカ&ホビー楽天市場店","0.9","必須条件を満たす候補が複数あるため要確認です",""
"362441","カロスの冒険 ゼルネアス＆オンバーン","ポケモンカードゲーム [デッキシールド /カロスの冒険 ゼルネアス＆オンバーン/スリーブ 64枚]","1580","REALiZE トレカ&ホビー楽天市場店","0.9","必須条件を満たす候補が複数あるため要確認です",""
"362458","イッシュの冒険 レシラム＆モロバレル","ポケモンカードゲーム [デッキシールド /イッシュの冒険 レシラム＆モロバレル/スリーブ 64枚]","1580","REALiZE トレカ&ホビー楽天市場店","0.9","必須条件を満たす候補が複数あるため要確認です",""
"362472","ホウエンの冒険 カイオーガ＆バシャーモ","ポケモンカードゲーム [デッキシールド /ホウエンの冒険 カイオーガ＆バシャーモ/スリーブ 64枚]","1580","REALiZE トレカ&ホビー楽天市場店","0.9","必須条件を満たす候補が複数あるため要確認です",""
"364681","かがやくゲッコウガ","【中古】Pokemon◆ホビーその他/ポケセン限定スリーブ/かがやくゲッコウガ【ホビー】","3300","2nd STREET 楽天市場店","0.9","必須条件を満たす候補が複数あるため要確認です",""
"364841","キバナ","ポケモン(Pokemon)カードゲームデッキシールドキバナ","1480","Life shop Soleil.","1.1","必須条件を満たす候補が複数あるため要確認です",""
"364872","ネオラント","【中古】サプライ ポケモンカードゲーム デッキシールド(スリーブ) プレミアム・グロス ネオラント ポケモンセンター限定","1500","ネットショップ駿河屋 楽天市場店","1.1","必須条件を満たす候補が複数あるため要確認です",""
"364896","VSTAR","ポケモンカードゲーム デッキシールド ミュウツーVSTAR","1020","フルアヘッド","0.9","必須条件を満たす候補が複数あるため要確認です",""
"364902","リザードン","ポケモンカードゲーム デッキシールド プロ リザードン","1980","P-G-shop","1.1","必須条件を満たす候補が複数あるため要確認です",""
"364964","アルセウス（VSTARマーカー付き）","【中古】サプライ ポケモンカードゲーム デッキシールド(スリーブ) アルセウス VSTARマーカー付き","1040","ネットショップ駿河屋 楽天市場店","1.1","必須条件を満たす候補が複数あるため要確認です",""
"365435","カメックス","ポケモンセンターオリジナル ポケモンカードゲーム デッキシールド スリーブ プレミアム グロス カメックス 代引不可商品","1780","WFS(World Free Store)","1.1","必須条件を満たす候補が複数あるため要確認です",""
"365459","フシギバナ","ポケモンセンターオリジナル ポケモンカードゲーム デッキシールド スリーブ プレミアム グロス フシギバナ 代引不可商品","1780","WFS(World Free Store)","1.1","必須条件を満たす候補が複数あるため要確認です",""
"365541","ヒナツ","ポケモンカードゲーム　デッキシールド　ヒナツ","1280","P-G-shop","1.1","必須条件を満たす候補が複数あるため要確認です",""
"365671","プロ ピカチュウ Ver.2","ポケモンカードゲーム デッキシールドプロ ピカチュウVer.2","2480","P-G-shop","1.1","必須条件を満たす候補が複数あるため要確認です",""
"365923","ダークライ","ポケモンカードゲーム デッキシールド メガダークライ ポケモン （ZC178002）","890","でじたみん 楽天市場店","0.9","必須条件を満たす候補が複数あるため要確認です",""
"367286","モンスターボールデザイン","ポケモンカードゲーム デッキシールド モンスターボールデザイン","1230","P-G-shop","1.1","必須条件を満たす候補が複数あるため要確認です",""
"367798","COOL×METAL ルカリオ","【中古】サプライ ポケモンカードゲーム デッキシールド(スリーブ) プレミアム・グロス COOL×METAL ルカリオ ポケモンセンター限定","1750","ネットショップ駿河屋 楽天市場店","1.1","必須条件を満たす候補が複数あるため要確認です",""
"367804","COOL×METAL ハッサム","【中古】サプライ ポケモンカードゲーム デッキシールド(スリーブ) プレミアム・グロス COOL×METAL ハッサム ポケモンセンター限定","1100","ネットショップ駿河屋 楽天市場店","1.1","必須条件を満たす候補が複数あるため要確認です",""
"367903","MY RENTORAR'S STORY","ポケモンセンターオリジナル ポケモンカードゲーム デッキシールド スリーブ MY RENTORAR’S STORY コリンク ルクシオ レントラー 代引不可商品","1480","WFS(World Free Store)","0.96","ポケスリ側の商品名の主要語が一部しか一致しません",""
"371757","POKÉMON TRAINERS Off Shot! ダンデ","ポケモンセンターオリジナル ポケモンカードゲーム デッキシールド スリーブ POKEMON TRAINERS Off Shot ! ダンデ 代引不可商品","1280","WFS(World Free Store)","0.95","ポケスリ側の商品名の主要語が一部しか一致しません",""
"371764","POKÉMON TRAINERS Off Shot! キバナ","【中古】サプライ ポケモンカードゲーム デッキシールド(スリーブ) POKEMON TRAINERS Off Shot! キバナ ポケモンセンター限定","800","ネットショップ駿河屋 楽天市場店","0.98","ポケスリ側の商品名の主要語が一部しか一致しません",""
"372945","ギラティナ","ポケモンカードゲーム デッキシールド ギラティナ 64枚入 トレカ トレーディングカード ポケカ 【メール便 送料無料！】おもちゃ グッズ プレゼント グッズ誕生日","1180","トイストア コービドー","1.1","必須条件を満たす候補が複数あるため要確認です",""
"372983","ゼラオラ","ポケモンカードゲーム デッキシールド PIKACHU ADVENTURE ゼラオラ","1320","フルアヘッド","0.9","必須条件を満たす候補が複数あるため要確認です",""
"373003","デオキシス","【中古】(非常に良い)ポケモンカードゲーム オフィシャルデッキシールド デオキシス・ボルトロス","5480","ハッピーストア藤岡","0.9","必須条件を満たす候補が複数あるため要確認です",""
"373058","ひみつのコハク","ポケモンセンターオリジナル ポケモンカードゲーム デッキシールド スリーブ ひみつのコハク アイアント 代引不可商品","1680","WFS(World Free Store)","1.1","必須条件を満たす候補が複数あるため要確認です",""
"373065","ザシアン＆ザマゼンタ","ポケモンカードゲーム デッキシールド ザシアン・ザマゼンタ","1120","フルアヘッド","0.9","必須条件を満たす候補が複数あるため要確認です",""
"373133","Let's GO","ポケモンセンターオリジナル ポケモンカードゲーム デッキシールド スリーブ Lets GO 代引不可商品","1280","WFS(World Free Store)","0.94","ポケスリ側の商品名の主要語が一部しか一致しません",""
"373140","セレナ","ポケモンカードゲーム デッキシールド スリーブ セレナ ポケモン トレーナー 代引不可商品","1280","WFS(World Free Store)","1.1","必須条件を満たす候補が複数あるため要確認です",""
"373171","ロコン(アローラのすがた)","ポケモンセンターオリジナル ポケモンカードゲーム デッキシールド スリーブ ロコン アローラのすがた","2180","P-G-shop","1.1","必須条件を満たす候補が複数あるため要確認です",""
"373195","ジャローダ＆メイ","ポケモンセンターオリジナル ポケモンカードゲーム デッキシールド スリーブ ジャローダ ＆ メイ 代引不可商品","1680","WFS(World Free Store)","1.1","必須条件を満たす候補が複数あるため要確認です",""
"373218","チルタリス＆ルチア","ポケモン カードゲーム デッキシールド チルタリス&ルチア","2870","VlookupStore 楽天市場店","1.1","必須条件を満たす候補が複数あるため要確認です",""
"373249","ルギア＆レジエレキ＆レジドラゴ","ポケモンカードゲーム デッキシールド ルギア＆レジエレキ＆レジドラゴ 【即納品】 ポケカ Pokemon ポケットモンスター","480","天天ストア 楽天市場店","1.1","必須条件を満たす候補が複数あるため要確認です",""
"373584","シンオウしんわ","【中古】ポケモンカードゲーム デッキシールド シンオウしんわ","4580","GoodLifeStore","0.9","必須条件を満たす候補が複数あるため要確認です",""
"373652","コウキ&ヒカリ","ポケモンセンターオリジナル ポケモンカードゲーム スリーブ デッキシールド コウキ＆ヒカリ 代引不可商品","1680","WFS(World Free Store)","1.1","必須条件を満たす候補が複数あるため要確認です",""
"373669","テル＆ショウ","ポケモンセンターオリジナル ポケモンカードゲーム デッキシールド スリーブ テル＆ショウ 代引不可商品","1680","WFS(World Free Store)","1.1","必須条件を満たす候補が複数あるため要確認です",""
"373744","コライドン","ポケモンカードゲーム デッキシールド コライドン","1180","ケイスマオンライン","1.1","必須条件を満たす候補が複数あるため要確認です",""
"373751","ミライドン","ポケモンカードゲーム デッキシールド ミライドン","1230","P-G-shop","1.1","必須条件を満たす候補が複数あるため要確認です",""
"373843","ニャオハ・ホゲータ・クワッス","ポケモンカードゲーム デッキシールド ニャオハ＆ホゲータ＆クワッス ポケモンワールドチャンピオンシップス2023","1120","フルアヘッド","0.9","必須条件を満たす候補が複数あるため要確認です",""
"373850","進化の軌跡 サーナイト","ポケモンカードゲーム デッキシールド 進化の軌跡 サーナイト","1120","フルアヘッド","0.9","必須条件を満たす候補が複数あるため要確認です",""
"373867","進化の軌跡 ジバコイル","ポケモンセンターオリジナル ポケモンカードゲーム デッキシールド スリーブ 進化の軌跡 ジバコイル 代引不可商品","1780","WFS(World Free Store)","1.1","必須条件を満たす候補が複数あるため要確認です",""
"374581","ラティアス・ラティオス 夜景","ポケモンセンターオリジナル ポケモンカードゲーム デッキシールド スリーブ ラティアス ラティオス 夜景 代引不可商品","1680","WFS(World Free Store)","1.1","必須条件を満たす候補が複数あるため要確認です",""
"374598","カキツバタ","ポケモンセンターオリジナル ポケモンカードゲーム デッキシールド スリーブ カキツバタ オノノクス 代引不可商品","1780","WFS(World Free Store)","1.1","必須条件を満たす候補が複数あるため要確認です",""
"374680","ナンジャモ","ポケモンカードゲーム デッキシールド ナンジャモ","1280","Outlet Plaza","1.1","必須条件を満たす候補が複数あるため要確認です",""
"374895","POKÉMON TRAINERS アオイ＆クワッス","ポケモンセンターオリジナル ポケモンカードゲーム デッキシールド スリーブ POKEMON TRAINERS アオイ＆クワッス ポケモン トレーナー 代引不可商品","1780","WFS(World Free Store)","0.97","ポケスリ側の商品名の主要語が一部しか一致しません",""
"374918","POKÉMON TRAINERS ネモ＆パモット","【中古】サプライ ポケモンカードゲーム デッキシールド(スリーブ) POKEMON TRAINERS ネモ＆パモット ポケモンセンター限定","1150","ネットショップ駿河屋 楽天市場店","0.97","ポケスリ側の商品名の主要語が一部しか一致しません",""
"374925","POKÉMON TRAINERS ペパー＆マフィティフ","【中古】サプライ ポケモンカードゲーム デッキシールド(スリーブ) POKEMON TRAINERS ペパー＆マフィティフ ポケモンセンター限定","1100","ネットショップ駿河屋 楽天市場店","0.97","ポケスリ側の商品名の主要語が一部しか一致しません",""
"374932","POKÉMON TRAINERS コルサ＆ウソッキー","ポケモンセンターオリジナル ポケモンカードゲーム デッキシールド スリーブ POKEMON TRAINERS コルサ＆ウソッキー ポケモン トレーナー 代引不可商品","1780","WFS(World Free Store)","0.97","ポケスリ側の商品名の主要語が一部しか一致しません",""
"374949","POKÉMON TRAINERS ナンジャモ＆ハラバリー","ポケモンカードゲーム デッキシールド POKEMON TRAINERS ナンジャモ＆ハラバリー","1820","フルアヘッド","0.77","ポケスリ側の商品名の主要語が一部しか一致しません",""
"374956","POKÉMON TRAINERS グルーシャ＆アルクジラ","【中古】サプライ ポケモンカードゲーム デッキシールド(スリーブ) POKEMON TRAINERS グルーシャ＆アルクジラ ポケモンセンター限定","1100","ネットショップ駿河屋 楽天市場店","0.97","ポケスリ側の商品名の主要語が一部しか一致しません",""
"374963","POKÉMON TRAINERS ボタン＆ブラッキー","【中古】サプライ ポケモンカードゲーム デッキシールド(スリーブ) POKEMON TRAINERS ボタン＆ブラッキー ポケモンセンター限定","1190","ネットショップ駿河屋 楽天市場店","0.97","ポケスリ側の商品名の主要語が一部しか一致しません",""
"374970","POKÉMON TRAINERS チリ＆ドオー","【中古】サプライ ポケモンカードゲーム デッキシールド(スリーブ) POKEMON TRAINERS チリ＆ドオー ポケモンセンター限定","1630","ネットショップ駿河屋 楽天市場店","0.97","ポケスリ側の商品名の主要語が一部しか一致しません",""
"375632","What’s your charm point?","ポケモンセンターオリジナル ポケモンカードゲーム デッキシールド スリーブ Whats your charm point? 代引不可商品","1780","WFS(World Free Store)","0.97","ポケスリ側の商品名の主要語が一部しか一致しません",""
"375649","ピカチュウとハート","ポケモンセンターオリジナル ポケモンカードゲーム スリーブ デッキシールド ピカチュウとハート 代引不可商品","1680","WFS(World Free Store)","1.1","必須条件を満たす候補が複数あるため要確認です",""
"377049","メロコ","ポケモンカードゲーム デッキシールド スリーブ メロコ ヘルガー グレンアルマ 代引不可商品","1480","WFS(World Free Store)","1.1","必須条件を満たす候補が複数あるため要確認です",""
"378787","つながるせかい -みんなのすみか-","ポケモンセンターオリジナル ポケモンカードゲーム デッキシールド スリーブ つながるせかい みんなのすみか 代引不可商品","1680","WFS(World Free Store)","1.1","必須条件を満たす候補が複数あるため要確認です",""
"378794","カラフルトリプル　ユクシー＆エムリット＆アグノム","【中古】(非常に良い)ポケモンセンターオリジナル ポケモンカードゲーム デッキシールド カラフルトリプル ユクシー＆エムリット＆アグノム","5080","GoodLifeStore","0.9","必須条件を満たす候補が複数あるため要確認です",""
"382272","Pokémon and Tools STEPLADDER","【中古】サプライ ポケモンカードゲーム デッキシールド(スリーブ) Pokemon and Tools STEPLADDER ポケモンセンター限定","1090","ネットショップ駿河屋 楽天市場店","0.97","ポケスリ側の商品名の主要語が一部しか一致しません",""
"382289","月明かりとブラッキー","【中古】サプライ ポケモンカードゲーム デッキシールド(スリーブ) プレミアム・グロス 月明かりとブラッキー ポケモンセンター限定","1220","ネットショップ駿河屋 楽天市場店","1.1","必須条件を満たす候補が複数あるため要確認です",""
"382296","プレイルーム","ポケモンカードゲーム デッキシールド プレイルーム","1520","フルアヘッド","0.9","必須条件を満たす候補が複数あるため要確認です",""
"385983","ミロカロス","ポケモンセンターオリジナル ポケモンカードゲーム デッキシールド スリーブ プレミアム グロス ミロカロス 代引不可商品","1780","WFS(World Free Store)","1.1","必須条件を満たす候補が複数あるため要確認です",""
"394008","Midnight Agent -the cinema- ゲンガー","ポケモンカードゲーム デッキシールド ゲンガー プレミアムグロス Midnight Agent the cinema 64枚入り スリーブ","1500","HRCO","1.1","必須条件を満たす候補が複数あるため要確認です",""
"394022","Midnight Agent -the cinema- ニンフィア","【中古】サプライ ポケモンカードゲーム デッキシールド(スリーブ) プレミアム・グロス Midnight Agent -the cinema- ニンフィア ポケモンセンター限定","970","ネットショップ駿河屋 楽天市場店","1.1","必須条件を満たす候補が複数あるため要確認です",""
"395005","MIMOSA e POKÉMON","【中古】サプライ ポケモンカードゲーム デッキシールド(スリーブ) MIMOSA e POKEMON ポケモンセンター限定","1140","ネットショップ駿河屋 楽天市場店","0.96","ポケスリ側の商品名の主要語が一部しか一致しません",""
"399072","テツノドクガ","海外限定 ポケモンセンターオリジナル ポケモンカードゲーム デッキシールド スリーブ チヲハウハネ＆テツノドクガ 並行輸入品 代引不可商品","2480","WFS(World Free Store)","0.9","必須条件を満たす候補が複数あるため要確認です",""
"399089","チヲハウハネ","海外限定 ポケモンセンターオリジナル ポケモンカードゲーム デッキシールド スリーブ チヲハウハネ＆テツノドクガ 並行輸入品 代引不可商品","2480","WFS(World Free Store)","0.9","必須条件を満たす候補が複数あるため要確認です",""
"399126","未来の一閃","ポケモンカードゲーム デッキシールド 未来の一閃","800","トイショップ まのあ","1.1","必須条件を満たす候補が複数あるため要確認です",""
"399133","古代の咆哮","ポケモンカードゲーム デッキシールド 古代の咆哮","800","トイショップ まのあ","1.1","必須条件を満たす候補が複数あるため要確認です",""
"427171","オーガポン","ポケモンカードゲーム デッキシールド プレミアム・グロス テラスタルオーガポン みどりのめん","1350","カインドアース","0.9","必須条件を満たす候補が複数あるため要確認です",""
"427256","ロケット団の栄光","ポケモンカードゲーム デッキシールド ロケット団の栄光","1980","P-G-shop","1.1","必須条件を満たす候補が複数あるため要確認です",""
"427676","POKÉMON CARD LOUNGE","ポケモンカード デッキシールド プロ POKEMON CARD LOUNGE 64枚入り 未開封スリーブ 【中古】","1570","トレカ通販 トレトク楽天市場店","0.76","ポケスリ側の商品名の主要語が一部しか一致しません",""
"427683","オオタチ＆オタチ","【中古】サプライ ポケモンカードゲーム デッキシールド(スリーブ) オオタチ＆オタチ ポケモンセンター限定","1500","ネットショップ駿河屋 楽天市場店","1.1","必須条件を満たす候補が複数あるため要確認です",""
"427720","ホップ＆カビゴン","ポケモンセンターオリジナル ポケモンカードゲーム デッキシールド ホップ＆カビゴン","1781","ぴーなっつ","1.1","必須条件を満たす候補が複数あるため要確認です",""
"431048","ケッキング","【中古-非常に良い】 ポケモンカードゲーム adv62 ケッキング (特典付：限定スリーブ オレンジ 希少カード画像) ギフト","16935","ムジカ&フェリーチェ楽天市場店","0.9","必須条件を満たす候補が複数あるため要確認です",""
"431062","喫茶チャデス","ポケモンセンターオリジナル ポケモンカードゲーム デッキシールド スリーブ 喫茶チャデス ホワイト 代引不可商品","1680","WFS(World Free Store)","0.9","必須条件を満たす候補が複数あるため要確認です",""
"431109","Snowy Gathering","ポケモンセンターオリジナル ポケモンカードゲーム デッキシールド スリーブ プレミアム グロス Snowy Gathering アローラロコン ヒスイゾロア 代引不可商品","1980","WFS(World Free Store)","1.1","必須条件を満たす候補が複数あるため要確認です",""
"431376","ゼクロム","【新品】 ポケモンカードゲーム デッキシールド ◆ゼクロム◆ スリーブ プロテクター 64枚入り","780","カメ本舗","1.1","必須条件を満たす候補が複数あるため要確認です",""
"431383","レシラム","ポケモンカードゲーム デッキシールド レシラム 2025年6月6日新発売","880","P-G-shop","1.1","必須条件を満たす候補が複数あるため要確認です",""
"431390","ねぶた祭ごっこピカチュウ","ポケモンカードゲーム デッキシールド ねぶた祭ごっこピカチュウ","999999","フルアヘッド","0.9","必須条件を満たす候補が複数あるため要確認です",""
"431406","竿燈まつりごっこピカチュウ","【中古】サプライ ポケモンカードゲーム デッキシールド(スリーブ) 竿燈まつりごっこピカチュウ【レッド】 ポケモンセンター限定","1500","ネットショップ駿河屋 楽天市場店","0.9","必須条件を満たす候補が複数あるため要確認です",""
"431444","さんさ踊りごっこピカチュウ","ポケモンセンターオリジナル ポケモンカードゲーム デッキシールド スリーブ さんさ踊りごっこピカチュウ パープル 代引不可商品","2480","WFS(World Free Store)","0.9","必須条件を満たす候補が複数あるため要確認です",""
"431673","わらじまつりごっこピカチュウ","【中古】サプライ ポケモンカードゲーム デッキシールド(スリーブ) わらじまつりごっこピカチュウ【イエロー】 ポケモンセンター限定","1500","ネットショップ駿河屋 楽天市場店","0.9","必須条件を満たす候補が複数あるため要確認です",""
"431680","花笠まつりごっこピカチュウ","【中古】サプライ ポケモンカードゲーム デッキシールド(スリーブ) 花笠まつりごっこピカチュウ【グリーン】 ポケモンセンター限定","1630","ネットショップ駿河屋 楽天市場店","0.9","必須条件を満たす候補が複数あるため要確認です",""
"431727","ロケット団","ポケモンセンターオリジナル ポケモンカードゲーム デッキシールド プロ ロケット団","2000","NRFオンラインショップ","1.1","必須条件を満たす候補が複数あるため要確認です",""
"431802","ガーディ＆バンギラス＆デンリュウ","【中古】サプライ ポケモンカードゲーム デッキシールド(スリーブ) ガーディ＆バンギラス＆デンリュウ ポケモンセンター限定","1220","ネットショップ駿河屋 楽天市場店","1.1","必須条件を満たす候補が複数あるため要確認です",""
"431987","メガサーナイト","ポケモンカードゲーム デッキシールド メガサーナイト ポケモンカードゲーム ポケカ カードスリーブ トレーディングカード スリーブ トレカ","980","かこん販売 楽天市場店","1.1","必須条件を満たす候補が複数あるため要確認です",""
"431994","メガルカリオ","ポケモンカードゲーム デッキシールド メガルカリオ ポケモンカードゲーム ポケカ カードスリーブ トレーディングカード スリーブ トレカ","980","かこん販売 楽天市場店","1.1","必須条件を満たす候補が複数あるため要確認です",""
"432052","トウコ","【中古】サプライ ポケモンカードゲーム デッキシールド(スリーブ) トウコ ポケモンセンター限定","1240","ネットショップ駿河屋 楽天市場店","1.1","必須条件を満たす候補が複数あるため要確認です",""
"432298","メガリザードンX","ポケモンカードゲーム デッキシールド メガリザードンX ポケットモンスター ポケモンカードゲーム カードスリーブ トレカスリーブ ポケカ","980","かこん販売 楽天市場店","1.1","必須条件を満たす候補が複数あるため要確認です",""
"432793","にたものどうし ヌオー＆ドオー","ポケモンセンターオリジナル ポケモンカードゲーム デッキシールド にたものどうし ヌオー＆ドオー","1989","NRFオンラインショップ","1.1","必須条件を満たす候補が複数あるため要確認です",""
"461960","ヒカリ","【中古】サプライ ポケモンカードゲーム デッキシールド(スリーブ) ヒカリ ポケモンセンター限定","1240","ネットショップ駿河屋 楽天市場店","1.1","必須条件を満たす候補が複数あるため要確認です",""
"462462","モルペコ","ポケモンカードゲーム デッキシールド ピカチュウ＆モルペコ","1020","フルアヘッド","0.9","必須条件を満たす候補が複数あるため要確認です",""
"462585","メガダークライ","【対象のおもちゃから2点で10%オフクーポン配布中！】ポケモンカードゲーム デッキシールド メガダークライ（64枚入り）","500","バトンストア 楽天市場店","1.1","必須条件を満たす候補が複数あるため要確認です",""
"463544","メガレックウザ","ポケモンカードゲーム デッキシールド プレミアム・グロス メガレックウザ ポケットモンスター ポケカ スリーブ トレーディングカード トレカスリーブ","980","かこん販売 楽天市場店","1.1","必須条件を満たす候補が複数あるため要確認です",""
"463674","メガゲッコウガ","ポケモンカードゲーム デッキシールド メガゲッコウガ 2026年3月13日新発売","980","P-G-shop","1.1","必須条件を満たす候補が複数あるため要確認です",""
"463841","ピカチュウとかみなり","ポケモンカードゲーム デッキシールド ピカチュウとかみなり ポケットモンスター ポケカ カードスリーブ トレーディングカード","980","かこん販売 楽天市場店","1.1","必須条件を満たす候補が複数あるため要確認です",""
"77833","ギラティナ","ポケモンカードゲーム デッキシールド ギラティナ 64枚入 トレカ トレーディングカード ポケカ 【メール便 送料無料！】おもちゃ グッズ プレゼント グッズ誕生日","1180","トイストア コービドー","0.9","必須条件を満たす候補が複数あるため要確認です",""
"84718","アルセウス","【中古】サプライ ポケモンカードゲーム デッキシールド(スリーブ) アルセウス VSTARマーカー付き","1040","ネットショップ駿河屋 楽天市場店","0.9","必須条件を満たす候補が複数あるため要確認です",""
