sleeveId,ポケスリ商品名,楽天商品名,価格,ショップ,matchScore,採用理由,確認結果
77832,シェイミ,ポケモンセンターオリジナル ポケモンカードゲーム デッキシールド スリーブ シェイミ 代引不可商品,1680,WFS(World Free Store),0.9,必須条件をすべて満たす候補が1件だけで、主要語がすべて一致しました,
104300,energy color,【中古】サプライ ポケモンカードゲーム デッキシールド(スリーブ) energy color ポケモンセンター・他限定,5630,ネットショップ駿河屋 楽天市場店,1.1,必須条件をすべて満たす候補が1件だけで、主要語がすべて一致しました,
106069,ダルマッカ,ポケモンセンターオリジナル ポケモンカードゲーム デッキシールド スリーブ ダルマッカ＆ヒトモシ＆ペロッパフ＆ボクレー 代引不可商品,1780,WFS(World Free Store),0.9,必須条件をすべて満たす候補が1件だけで、主要語がすべて一致しました,
106083,ヒトモシ,ポケモンセンターオリジナル ポケモンカードゲーム デッキシールド スリーブ ダルマッカ＆ヒトモシ＆ペロッパフ＆ボクレー 代引不可商品,1780,WFS(World Free Store),0.9,必須条件をすべて満たす候補が1件だけで、主要語がすべて一致しました,
106571,ポケモンセンターオーサカ,【中古】サプライ ポケモンカードゲーム デッキシールド(スリーブ) ビリケンさんピカチュウ ポケモンセンターオーサカDX・ポケモンセンターオーサカ限定,2130,ネットショップ駿河屋 楽天市場店,0.9,必須条件をすべて満たす候補が1件だけで、主要語がすべて一致しました,
114590,ピカチュウがいっぱい,【中古】サプライ ポケモンカードゲーム デッキシールド(スリーブ) ピカチュウがいっぱい ポケモンセンター限定,3250,ネットショップ駿河屋 楽天市場店,1.1,必須条件をすべて満たす候補が1件だけで、主要語がすべて一致しました,
114613,ゲームドット ゼクロム,ポケモンカード デッキシールド ゲームドット ゼクロム 32枚入り 未開封スリーブ 【中古】,6360,トレカ通販 トレトク楽天市場店,0.9,必須条件をすべて満たす候補が1件だけで、主要語がすべて一致しました,
116211,ケルディオ,ポケモンセンターオリジナル ポケモンカードゲーム デッキシールド スリーブ ケルディオ 代引不可商品,1480,WFS(World Free Store),0.9,必須条件をすべて満たす候補が1件だけで、主要語がすべて一致しました,
130125,イーブイ・リーフィア・グレイシア,【中古】サプライ ポケモンカードゲーム デッキシールド(スリーブ) イーブイ・リーフィア・グレイシア ポケモンセンター限定,1750,ネットショップ駿河屋 楽天市場店,1.1,必須条件をすべて満たす候補が1件だけで、主要語がすべて一致しました,
131580,カミツレver.2,【中古】サプライ ポケモンカードゲーム デッキシールド(スリーブ) カミツレver.2 アニメイト・ポケモンセンター限定,5250,ネットショップ駿河屋 楽天市場店,1.1,必須条件をすべて満たす候補が1件だけで、主要語がすべて一致しました,
134130,ゲノセクト,【新品】ポケモンカードゲーム オフィシャルデッキシールド ゲノセクト パック 【代金引換不可】ポケモン　32枚入　本体サイズ :約 W85 x D12 x H140 mm (うち、ヘッダー30mm) 大切なカードをキズから守る,5003,ヨツバ商店 楽天市場店,1.1,必須条件をすべて満たす候補が1件だけで、主要語がすべて一致しました,
134734,ハリマロン・フォッコ・ケロマツ,ポケモンカード デッキシールド ハリマロン・フォッコ・ケロマツ 32枚入り 未開封スリーブ 【中古】,1330,トレカ通販 トレトク楽天市場店,0.9,必須条件をすべて満たす候補が1件だけで、主要語がすべて一致しました,
135298,ニャスパー・ニャオニクス,ポケモンセンターオリジナル ポケモンカードゲーム デッキシールド スリーブ のんびりじゃらし ニャスパー ニャオニクス 代引不可商品,1480,WFS(World Free Store),0.9,必須条件をすべて満たす候補が1件だけで、主要語がすべて一致しました,
135441,メガエルレイド,ポケモンカードゲーム デッキシールド 墨絵列伝 メガエルレイド,2520,フルアヘッド,0.9,必須条件をすべて満たす候補が1件だけで、主要語がすべて一致しました,
135823,メガアブソル,ポケモンカード デッキシールド with elegance メガアブソル 64枚入り 未開封スリーブ 【中古】,920,トレカ通販 トレトク楽天市場店,0.9,必須条件をすべて満たす候補が1件だけで、主要語がすべて一致しました,
136219,メガハッサム,ポケモンカードゲーム デッキシールド メガハッサム,3020,フルアヘッド,0.9,必須条件をすべて満たす候補が1件だけで、主要語がすべて一致しました,
136226,ヤドン,【中古】サプライ ポケモンカードゲーム デッキシールド(スリーブ) ヤドン ポケモンセンター限定,4380,ネットショップ駿河屋 楽天市場店,1.1,必須条件をすべて満たす候補が1件だけで、主要語がすべて一致しました,
190181,色違いのメガサーナイト,【中古】サプライ ポケモンカードゲーム デッキシールド(スリーブ) 『色違いのメガサーナイト』ポケモンセンター限定,10000,ネットショップ駿河屋 楽天市場店,1.1,必須条件をすべて満たす候補が1件だけで、主要語がすべて一致しました,
190211,もふもふ,【中古】サプライ ポケモンカードゲーム デッキシールド(スリーブ) 『もふもふ』ポケモンセンター限定,3000,ネットショップ駿河屋 楽天市場店,1.1,必須条件をすべて満たす候補が1件だけで、主要語がすべて一致しました,
190433,メガクチート,【中古】サプライ ポケモンカードゲーム デッキシールド(スリーブ) 『メガクチート』 ポケモンセンター限定,5750,ネットショップ駿河屋 楽天市場店,1.1,必須条件をすべて満たす候補が1件だけで、主要語がすべて一致しました,
190440,コイン柄,ポケモンカード デッキシールド コイン柄 32枚入り 未開封スリーブ 【中古】,2320,トレカ通販 トレトク楽天市場店,0.9,必須条件をすべて満たす候補が1件だけで、主要語がすべて一致しました,
190457,カスミ,【中古】サプライ ポケモンカードゲーム デッキシールド(スリーブ) 『カスミ』 ポケモンセンター限定,3750,ネットショップ駿河屋 楽天市場店,1.1,必須条件をすべて満たす候補が1件だけで、主要語がすべて一致しました,
190587,モクロー・ニャビー・アシマリ,【中古】サプライ ポケモンカードゲーム デッキシールド(スリーブ) モクロー・ニャビー・アシマリ,1250,ネットショップ駿河屋 楽天市場店,1.1,必須条件をすべて満たす候補が1件だけで、主要語がすべて一致しました,
190594,団員ごっこピカチュウ スカル団,ポケモンカードゲーム デッキシールド「団員ごっこピカチュウ スカル団」,6580,フルアヘッド,0.9,必須条件をすべて満たす候補が1件だけで、主要語がすべて一致しました,
190686,バトルパートナー,ポケモンカードゲーム デッキシールド ナンジャモ【バトルパートナーズ】,1420,フルアヘッド,0.9,必須条件をすべて満たす候補が1件だけで、主要語がすべて一致しました,
191126,アローラキュウコン＆アローラロコン,ポケモンカードゲーム デッキシールド「アローラキュウコン＆ アローラロコン」,3520,フルアヘッド,0.9,必須条件をすべて満たす候補が1件だけで、主要語がすべて一致しました,
191133,ポケモンライド,ポケモンカード デッキシールド ポケモンライド 64枚入り 未開封スリーブ 【中古】,1100,トレカ通販 トレトク楽天市場店,0.9,必須条件をすべて満たす候補が1件だけで、主要語がすべて一致しました,
191188,ルガルガン,【中古】サプライ ポケモンカードゲーム デッキシールド(スリーブ) ルガルガン,2130,ネットショップ駿河屋 楽天市場店,1.1,必須条件をすべて満たす候補が1件だけで、主要語がすべて一致しました,
191423,マーシャドー,【中古】サプライ ポケモンカードゲーム デッキシールド(スリーブ) マーシャドー,1730,ネットショップ駿河屋 楽天市場店,1.1,必須条件をすべて満たす候補が1件だけで、主要語がすべて一致しました,
191430,スイレン&ヨワシ,【中古】サプライ ポケモンカードゲーム デッキシールド(スリーブ) スイレン＆ヨワシ ポケモンカードジム限定,2130,ネットショップ駿河屋 楽天市場店,1.1,必須条件をすべて満たす候補が1件だけで、主要語がすべて一致しました,
191461,ミミッキュいっぱい,ポケモンカードゲーム デッキシールド ミミッキュいっぱい,3820,フルアヘッド,0.9,必須条件をすべて満たす候補が1件だけで、主要語がすべて一致しました,
191621,シルヴァディ,ポケモンカードゲーム デッキシールド シルヴァディ,3520,フルアヘッド,0.9,必須条件をすべて満たす候補が1件だけで、主要語がすべて一致しました,
191881,ウルトラサン・ウルトラムーン,ポケモンカードゲーム デッキシールド ウルトラサン・ウルトラムーン,1320,フルアヘッド,0.9,必須条件をすべて満たす候補が1件だけで、主要語がすべて一致しました,
191898,シロナの全力,【中古】サプライ ポケモンカードゲーム デッキシールド(スリーブ) シロナの全力 ポケモンカードジム限定,8630,ネットショップ駿河屋 楽天市場店,1.1,必須条件をすべて満たす候補が1件だけで、主要語がすべて一致しました,
191911,デンジ,【中古】サプライ ポケモンカードゲーム デッキシールド(スリーブ) デンジ ポケモンセンター限定,3750,ネットショップ駿河屋 楽天市場店,1.1,必須条件をすべて満たす候補が1件だけで、主要語がすべて一致しました,
191928,ルカリオの波動,【中古】サプライ ポケモンカードゲーム デッキシールド(スリーブ) ルカリオの波動 ポケモンセンター限定,6000,ネットショップ駿河屋 楽天市場店,1.1,必須条件をすべて満たす候補が1件だけで、主要語がすべて一致しました,
191942,エーフィ&ブラッキー フラワー,ポケモンカードゲーム デッキシールド エーフィ＆ブラッキー フラワー,6580,フルアヘッド,0.9,必須条件をすべて満たす候補が1件だけで、主要語がすべて一致しました,
226163,目覚めし光,ポケモンカードゲーム デッキシールド 目覚めし光,3820,フルアヘッド,0.9,必須条件をすべて満たす候補が1件だけで、主要語がすべて一致しました,
226446,ラティアス・ラティオス,【中古】サプライ ポケモンカードゲーム デッキシールド(スリーブ) ラティアス・ラティオス ポケモンセンター限定,1980,ネットショップ駿河屋 楽天市場店,1.1,必須条件をすべて満たす候補が1件だけで、主要語がすべて一致しました,
226460,スケッチの時間,ポケモンカードゲーム デッキシールド スケッチの時間,3020,フルアヘッド,0.9,必須条件をすべて満たす候補が1件だけで、主要語がすべて一致しました,
227573,ぼうしをかぶったピカチュウ　オリジナル,ポケモンカードゲーム デッキシールド ぼうしをかぶったピカチュウ オリジナル,6580,フルアヘッド,0.9,必須条件をすべて満たす候補が1件だけで、主要語がすべて一致しました,
227597,ぼうしをかぶったピカチュウ　シンオウ,【中古】サプライ ポケモンカードゲーム デッキシールド(スリーブ) ぼうしをかぶったピカチュウ シンオウ ポケモンセンター限定,4750,ネットショップ駿河屋 楽天市場店,1.1,必須条件をすべて満たす候補が1件だけで、主要語がすべて一致しました,
227627,ぼうしをかぶったピカチュウ　アローラ,【中古】サプライ ポケモンカードゲーム デッキシールド(スリーブ) ぼうしをかぶったピカチュウ アローラ ポケモンセンター限定,7000,ネットショップ駿河屋 楽天市場店,1.1,必須条件をすべて満たす候補が1件だけで、主要語がすべて一致しました,
228532,イーブイポンチョシリーズ,ポケモンカード デッキシールド イーブイポンチョシリーズ GC 64枚入り 未開封スリーブ 【中古】,8520,トレカ通販 トレトク楽天市場店,0.9,必須条件をすべて満たす候補が1件だけで、主要語がすべて一致しました,
228563,イーブイポンチョシリーズ GC,ポケモンカード デッキシールド イーブイポンチョシリーズ GC 64枚入り 未開封スリーブ 【中古】,8520,トレカ通販 トレトク楽天市場店,0.9,必須条件をすべて満たす候補が1件だけで、主要語がすべて一致しました,
243825,百ポケ夜行の図,【中古】サプライ ポケモンカードゲーム デッキシールド(スリーブ) 百ポケ夜行の図 ポケモンセンター限定,6250,ネットショップ駿河屋 楽天市場店,1.1,必須条件をすべて満たす候補が1件だけで、主要語がすべて一致しました,
243832,百ポケ夜行のポケ紋,ポケモンカードゲーム デッキシールド 百ポケ夜行のポケ紋,5880,フルアヘッド,0.9,必須条件をすべて満たす候補が1件だけで、主要語がすべて一致しました,
246208,ゲッコウガ＆ゾロアーク TAG TEAM GX,ポケモンカードゲーム デッキシールド ゲッコウガ&ゾロアーク TAG TEAM GX,4000,優良品館,1.1,必須条件をすべて満たす候補が1件だけで、主要語がすべて一致しました,
246307,レックウザ CL2019,【中古】サプライ ポケモンカードゲーム デッキシールド(スリーブ) レックウザ CL2019 チャンピオンズリーグ2019 千葉限定,4250,ネットショップ駿河屋 楽天市場店,1.1,必須条件をすべて満たす候補が1件だけで、主要語がすべて一致しました,
246536,ピカチュウフェイス ver.2,ポケモンカードゲーム デッキシールド ピカチュウフェイス ver.2,2020,フルアヘッド,0.9,必須条件をすべて満たす候補が1件だけで、主要語がすべて一致しました,
246635,モンスターボール,【中古】サプライ ポケモンカードゲーム デッキシールド(スリーブ) モンスターボール,1630,ネットショップ駿河屋 楽天市場店,1.1,必須条件をすべて満たす候補が1件だけで、主要語がすべて一致しました,
246758,おひるねびより,ポケモンカードゲーム デッキシールド おひるねびより 64枚入り,2480,K and Y雑貨店 楽天市場店,1.1,必須条件をすべて満たす候補が1件だけで、主要語がすべて一致しました,
246833,クチート,【中古】サプライ ポケモンカードゲーム デッキシールド(スリーブ) クチート ポケモンセンター限定,4630,ネットショップ駿河屋 楽天市場店,1.1,必須条件をすべて満たす候補が1件だけで、主要語がすべて一致しました,
264035,UB ULTRA GRAPHIX カケラ,ポケモンカードゲーム デッキシールド UB ULTRA GRAPHIX カケラ,1820,フルアヘッド,0.9,必須条件をすべて満たす候補が1件だけで、主要語がすべて一致しました,
265025,BL Pokemon Black,ポケモンカードゲーム デッキシールド BL Pokemon Black,3820,フルアヘッド,0.9,必須条件をすべて満たす候補が1件だけで、主要語がすべて一致しました,
266442,プテラ,ポケモンカード デッキシールド プテラ 64枚入り 未開封スリーブ 【中古】,2370,トレカ通販 トレトク楽天市場店,0.9,必須条件をすべて満たす候補が1件だけで、主要語がすべて一致しました,
266473,リーリエ　祭壇での儀式,【中古】サプライ ポケモンカードゲーム デッキシールド(スリーブ) リーリエ 祭壇での儀式,2130,ネットショップ駿河屋 楽天市場店,1.1,必須条件をすべて満たす候補が1件だけで、主要語がすべて一致しました,
266602,オドリドリ,ポケモンカード デッキシールド オドリドリ 64枚入り 未開封スリーブ 【中古】,2200,トレカ通販 トレトク楽天市場店,0.9,必須条件をすべて満たす候補が1件だけで、主要語がすべて一致しました,
266657,アローラの守り神,ポケモンカード デッキシールド アローラの守り神 64枚入り 未開封スリーブ 【中古】,1090,トレカ通販 トレトク楽天市場店,0.9,必須条件をすべて満たす候補が1件だけで、主要語がすべて一致しました,
266879,ダメカン50,ポケモンカード デッキシールド ダメカン50 64枚入り 未開封スリーブ 【中古】,880,トレカ通販 トレトク楽天市場店,0.9,必須条件をすべて満たす候補が1件だけで、主要語がすべて一致しました,
266886,ダメカン100,ポケモンカード デッキシールド ダメカン100 64枚入り 未開封スリーブ 【中古】,1720,トレカ通販 トレトク楽天市場店,0.9,必須条件をすべて満たす候補が1件だけで、主要語がすべて一致しました,
266893,ダメカンパーティ,ポケモンカード デッキシールド ダメカンパーティ 64枚入り 未開封スリーブ 【中古】,2890,トレカ通販 トレトク楽天市場店,0.9,必須条件をすべて満たす候補が1件だけで、主要語がすべて一致しました,
270142,はんなりお茶会ごっこ,ポケモンカードゲーム デッキシールド はんなりお茶会ごっこ,3820,フルアヘッド,0.9,必須条件をすべて満たす候補が1件だけで、主要語がすべて一致しました,
273167,-Yusuke Murata- ウルトラネクロズマ空中戦,ポケモンカードゲーム デッキシールド -Yusuke Murata- ウルトラネクロズマ空中戦,4020,フルアヘッド,0.9,必須条件をすべて満たす候補が1件だけで、主要語がすべて一致しました,
273174,-Yusuke Murata- コミック総柄,ポケモンカード デッキシールド -Yusuke Murata- コミック総柄 64枚入り 未開封スリーブ 【中古】,3730,トレカ通販 トレトク楽天市場店,0.9,必須条件をすべて満たす候補が1件だけで、主要語がすべて一致しました,
274522,RB,ポケモンカードゲーム デッキシールド RB,4020,フルアヘッド,0.9,必須条件をすべて満たす候補が1件だけで、主要語がすべて一致しました,
277455,Oceanic Operetta アシレーヌ,【中古】サプライ ポケモンカードゲーム デッキシールド(スリーブ) Oceanic Operetta アシレーヌ ポケモンセンター限定,2500,ネットショップ駿河屋 楽天市場店,1.1,必須条件をすべて満たす候補が1件だけで、主要語がすべて一致しました,
283777,タイプファイターズ 草,【中古】サプライ ポケモンカードゲーム デッキシールド(スリーブ) タイプファイターズ 草 ポケモンセンター限定,3000,ネットショップ駿河屋 楽天市場店,1.1,必須条件をすべて満たす候補が1件だけで、主要語がすべて一致しました,
284378,ビリケンさんピカチュウ,【中古】サプライ ポケモンカードゲーム デッキシールド(スリーブ) ビリケンさんピカチュウ ポケモンセンターオーサカDX・ポケモンセンターオーサカ限定,2130,ネットショップ駿河屋 楽天市場店,1.1,必須条件をすべて満たす候補が1件だけで、主要語がすべて一致しました,
284385,ポケモンセンターオーサカDX,【中古】サプライ ポケモンカードゲーム デッキシールド(スリーブ) ビリケンさんピカチュウ ポケモンセンターオーサカDX・ポケモンセンターオーサカ限定,2130,ネットショップ駿河屋 楽天市場店,0.9,必須条件をすべて満たす候補が1件だけで、主要語がすべて一致しました,
288895,たいようとげっこう BK,ポケモンカードゲーム デッキシールド たいようとげっこう BK,3820,フルアヘッド,0.9,必須条件をすべて満たす候補が1件だけで、主要語がすべて一致しました,
288901,たいようとげっこう EF,ポケモンカードゲーム デッキシールド たいようとげっこう EF,2520,フルアヘッド,0.9,必須条件をすべて満たす候補が1件だけで、主要語がすべて一致しました,
288918,ぽけもん戯画,ポケモンカードゲーム デッキシールド ぽけもん戯画,3820,フルアヘッド,0.9,必須条件をすべて満たす候補が1件だけで、主要語がすべて一致しました,
288925,NeonColor,【中古】サプライ ポケモンカードゲーム デッキシールド(スリーブ) NeonColor ポケモンセンター限定,1880,ネットショップ駿河屋 楽天市場店,1.1,必須条件をすべて満たす候補が1件だけで、主要語がすべて一致しました,
288949,ゲンガーdeヒヤリ!?,ポケモンカードゲーム デッキシールド ゲンガーdeヒヤリ!?,4020,フルアヘッド,0.9,必須条件をすべて満たす候補が1件だけで、主要語がすべて一致しました,
289816,ゴリランダー・インテレオン・エースバーン,ポケモンカード デッキシールド デッキシールド ゴリランダー・エースバーン・インテレオン 64枚入り 未開封スリーブ 【中古】,1090,トレカ通販 トレトク楽天市場店,0.9,必須条件をすべて満たす候補が1件だけで、主要語がすべて一致しました,
289830,キョダイマックス　湖に響く旋律,ポケモンカードゲーム　デッキシールド　キョダイマックス　湖に響く旋律,1880,P-G-shop,1.1,必須条件をすべて満たす候補が1件だけで、主要語がすべて一致しました,
289847,ガラルポニータ＆ガラルギャロップ,ポケモンカードゲーム デッキシールド ガラルポニータ＆ガラルギャロップ,1820,フルアヘッド,0.9,必須条件をすべて満たす候補が1件だけで、主要語がすべて一致しました,
289878,キョダイマックスリザードン,ポケモンカードゲーム デッキシールド キョダイマックスリザードン,3980,P-G-shop,1.1,必須条件をすべて満たす候補が1件だけで、主要語がすべて一致しました,
289908,キョダイマックスオーロンゲ,ポケモンカード デッキシールド キョダイマックスオーロンゲ 64枚入り 未開封スリーブ 【中古】,800,トレカ通販 トレトク楽天市場店,0.9,必須条件をすべて満たす候補が1件だけで、主要語がすべて一致しました,
290164,サーナイト,【中古】サプライ ポケモンカードゲーム デッキシールド(スリーブ) サーナイト ポケモンセンター限定,2880,ネットショップ駿河屋 楽天市場店,1.1,必須条件をすべて満たす候補が1件だけで、主要語がすべて一致しました,
290188,アーマーガア,ポケモンカードゲーム デッキシールド アーマーガア,2220,フルアヘッド,0.9,必須条件をすべて満たす候補が1件だけで、主要語がすべて一致しました,
290232,ハッサム,【中古】サプライ ポケモンカードゲーム デッキシールド(スリーブ) ハッサム ポケモンセンター限定,2250,ネットショップ駿河屋 楽天市場店,1.1,必須条件をすべて満たす候補が1件だけで、主要語がすべて一致しました,
290270,HOPPE DAISHUGO,ポケモンカードゲーム デッキシールド HOPPE DAISHUGO,3020,フルアヘッド,0.9,必須条件をすべて満たす候補が1件だけで、主要語がすべて一致しました,
290331,タイプファイターズ 超,ポケモンカードゲーム デッキシールド タイプファイターズ 超,5080,フルアヘッド,0.9,必須条件をすべて満たす候補が1件だけで、主要語がすべて一致しました,
290362,タイプファイターズ 鋼,【中古】サプライ ポケモンカードゲーム デッキシールド(スリーブ) タイプファイターズ 鋼 ポケモンセンター限定,4250,ネットショップ駿河屋 楽天市場店,1.1,必須条件をすべて満たす候補が1件だけで、主要語がすべて一致しました,
290461,フウロ,【中古】サプライ ポケモンカードゲーム デッキシールド(スリーブ) フウロ ポケモンセンター限定,4000,ネットショップ駿河屋 楽天市場店,1.1,必須条件をすべて満たす候補が1件だけで、主要語がすべて一致しました,
290478,マッドパーティ,【中古】サプライ ポケモンカードゲーム デッキシールド(スリーブ) マッドパーティ ポケモンセンター限定,2750,ネットショップ駿河屋 楽天市場店,1.1,必須条件をすべて満たす候補が1件だけで、主要語がすべて一致しました,
298702,ミュウツー Ver.3,ポケモンカード デッキシールド ミュウツー ver.3 64枚入り 未開封スリーブ 【中古】,2130,トレカ通販 トレトク楽天市場店,0.9,必須条件をすべて満たす候補が1件だけで、主要語がすべて一致しました,
301518,#GOGO!YELL!! したっぱ,【中古】サプライ ポケモンカードゲーム デッキシールド(スリーブ) #GOGO!YELL!! したっぱ ポケモンセンター限定,1040,ネットショップ駿河屋 楽天市場店,1.1,必須条件をすべて満たす候補が1件だけで、主要語がすべて一致しました,
301525,#GOGO!YELL!! ジグザグマ（ガラルのすがた）,ポケモンカード デッキシールド #GOGO!YELL!! ジグザグマ(ガラルのすがた) 64枚入り 未開封スリーブ 【中古】,3370,トレカ通販 トレトク楽天市場店,0.9,必須条件をすべて満たす候補が1件だけで、主要語がすべて一致しました,
305769,ピカチュウの森,【中古】サプライ ポケモンカードゲーム デッキシールド(スリーブ) ピカチュウの森,1070,ネットショップ駿河屋 楽天市場店,1.1,必須条件をすべて満たす候補が1件だけで、主要語がすべて一致しました,
305882,さすがだぞ！,ポケモンカード デッキシールド さすがだぞ！ 64枚入り 未開封スリーブ 【中古】,2890,トレカ通販 トレトク楽天市場店,0.9,必須条件をすべて満たす候補が1件だけで、主要語がすべて一致しました,
305899,ぼくの強さを教えてあげますね,ポケモンカードゲーム デッキシールド ぼくの強さを教えてあげますね,2520,フルアヘッド,0.9,必須条件をすべて満たす候補が1件だけで、主要語がすべて一致しました,
305912,色違いのリザードン,ポケモン(Pokemon)カードゲームデッキシールド色違いのリザードン,4824,梵たん 楽天市場店,1.1,必須条件をすべて満たす候補が1件だけで、主要語がすべて一致しました,
305929,Go!Go!メタモン,ポケモンカードゲーム デッキシールド Go!Go!メタモン,4380,フルアヘッド,0.9,必須条件をすべて満たす候補が1件だけで、主要語がすべて一致しました,
306223,キョダイマックスウーラオス（れんげきのかた）,ポケモンカード デッキシールド キョダイマックスウーラオス（れんげきのかた） 64枚入り 未開封スリーブ 【中古】,910,トレカ通販 トレトク楽天市場店,0.9,必須条件をすべて満たす候補が1件だけで、主要語がすべて一致しました,
306346,ワンパチ,ポケモンセンターオリジナル ポケモンカードゲーム デッキシールド スリーブ トゲデマル＆ワンパチ 代引不可商品,1480,WFS(World Free Store),0.9,必須条件をすべて満たす候補が1件だけで、主要語がすべて一致しました,
306384,ガラルファイヤー＆ガラルサンダー＆ガラルフリーザー,【中古】サプライ ポケモンカードゲーム デッキシールド(スリーブ) ガラルファイヤー＆ガラルサンダー＆ガラルフリーザー ポケモンセンター・ポケモンストア限定,1080,ネットショップ駿河屋 楽天市場店,1.1,必須条件をすべて満たす候補が1件だけで、主要語がすべて一致しました,
306568,バドレックス（はくばじょうのすがた）,ポケモンカードゲーム デッキシールド バドレックス（はくばじょうのすがた）,1020,フルアヘッド,0.9,必須条件をすべて満たす候補が1件だけで、主要語がすべて一致しました,
310022,カタカナポケモン,ポケモンカードゲーム デッキシールド カタカナポケモン,2220,フルアヘッド,0.9,必須条件をすべて満たす候補が1件だけで、主要語がすべて一致しました,
314426,#GOGO! YELL!!,【中古】サプライ ポケモンカードゲーム デッキシールド(スリーブ) #GOGO!YELL!! したっぱ ポケモンセンター限定,1040,ネットショップ駿河屋 楽天市場店,0.9,必須条件をすべて満たす候補が1件だけで、主要語がすべて一致しました,
322438,キョダイマックスインテレオン,ポケモンカードゲーム デッキシールド キョダイマックスインテレオン,1520,フルアヘッド,0.9,必須条件をすべて満たす候補が1件だけで、主要語がすべて一致しました,
322537,ドラゴン襲来,ポケモンカード デッキシールド ドラゴン襲来 64枚入り未開封スリーブ 【中古】,1470,トレカ通販 トレトク楽天市場店,0.9,必須条件をすべて満たす候補が1件だけで、主要語がすべて一致しました,
322780,ダイマックスミュウ,ポケモンカードゲーム デッキシールド ダイマックスミュウ,2080,P-G-shop,1.1,必須条件をすべて満たす候補が1件だけで、主要語がすべて一致しました,
322834,ドーブル,ポケモンカードゲーム デッキシールド ドーブル,1520,フルアヘッド,0.9,必須条件をすべて満たす候補が1件だけで、主要語がすべて一致しました,
322971,なみのりピカチュウ＆そらをとぶピカチュウ,ポケモンカードゲーム デッキシールド なみのりピカチュウ＆そらをとぶピカチュウ,2480,P-G-shop,1.1,必須条件をすべて満たす候補が1件だけで、主要語がすべて一致しました,
323008,ロゴメモリーズ,【中古】サプライ ポケモンカードゲーム デッキシールド(スリーブ) ロゴメモリーズ ポケモンセンター・ポケモンストア限定,1200,ネットショップ駿河屋 楽天市場店,1.1,必須条件をすべて満たす候補が1件だけで、主要語がすべて一致しました,
323121,レッド&グリーン,【中古】サプライ ポケモンカードゲーム デッキシールド(スリーブ) レッド・グリーン アニメイト・ポケモンセンター限定,4130,ネットショップ駿河屋 楽天市場店,0.9,必須条件をすべて満たす候補が1件だけで、主要語がすべて一致しました,
323169,クレヨンミミッキュ,【中古】サプライ ポケモンカードゲーム デッキシールド(スリーブ) クレヨンミミッキュ ポケモンセンター限定,1880,ネットショップ駿河屋 楽天市場店,1.1,必須条件をすべて満たす候補が1件だけで、主要語がすべて一致しました,
323176,色違いのザシアン&ザマゼンタ,ポケモンセンターオリジナル ポケモンカードゲーム デッキシールド プレミアム・グロス 色違いのザシアン&ザマゼンタ,2980,P-G-shop,1.1,必須条件をすべて満たす候補が1件だけで、主要語がすべて一致しました,
330518,PIKACHU ADVENTURE PIKACHU & MEW,ポケモンカードゲーム デッキシールド PIKACHU ADVENTURE PIKACHU ＆ MEW,5880,フルアヘッド,0.9,必須条件をすべて満たす候補が1件だけで、主要語がすべて一致しました,
330549,pokemon ぴかぴかフレンズ,ポケモンカードゲーム デッキシールド Pokemonぴかぴかフレンズ 総柄,2520,フルアヘッド,0.9,必須条件をすべて満たす候補が1件だけで、主要語がすべて一致しました,
336022,pokemon Grassy Gardening,ポケモンカードゲーム デッキシールド Pokemon Grassy Gardening,2520,フルアヘッド,0.9,必須条件をすべて満たす候補が1件だけで、主要語がすべて一致しました,
336039,BALL FREAK BK,ポケモンカードゲーム デッキシールド BALL FREAK BK,2020,フルアヘッド,0.9,必須条件をすべて満たす候補が1件だけで、主要語がすべて一致しました,
336053,BALL FREAK NP,【中古】サプライ ポケモンカードゲーム デッキシールド(スリーブ) BALL FREAK NP ポケモンセンター・ポケモンストア限定,1750,ネットショップ駿河屋 楽天市場店,1.1,必須条件をすべて満たす候補が1件だけで、主要語がすべて一致しました,
336060,ほんわかぽかぽか,ポケモンカードゲーム デッキシールド ほんわかぽかぽか,1820,フルアヘッド,0.9,必須条件をすべて満たす候補が1件だけで、主要語がすべて一致しました,
338156,BALL FREAK ミミッキュ,ポケモンカードゲーム デッキシールド BALL FREAK ミミッキュ,3020,フルアヘッド,0.9,必須条件をすべて満たす候補が1件だけで、主要語がすべて一致しました,
344997,HISUI DAYS セキ,ポケモンセンターオリジナル ポケモンカードゲーム デッキシールド スリーブ HISUI DAYS セキ リーフィア ヒスイ デイズ 代引不可商品,1680,WFS(World Free Store),1.1,必須条件をすべて満たす候補が1件だけで、主要語がすべて一致しました,
345000,HISUI DAYS ウォロ,ポケモンセンターオリジナル ポケモンカードゲーム デッキシールド スリーブ HISUI DAYS ウォロ トゲピー ビリリダマ ヒスイ デイズ 代引不可商品,1280,WFS(World Free Store),1.1,必須条件をすべて満たす候補が1件だけで、主要語がすべて一致しました,
345390,ポピー,ポケモンセンターオリジナル ポケモンカードゲーム デッキシールド スリーブ ポピー 代引不可商品,1780,WFS(World Free Store),1.1,必須条件をすべて満たす候補が1件だけで、主要語がすべて一致しました,
345413,キラフロル,ポケモンセンターオリジナル ポケモンカードゲーム デッキシールド スリーブ キラフロル キラーメ 代引不可商品,1780,WFS(World Free Store),1.1,必須条件をすべて満たす候補が1件だけで、主要語がすべて一致しました,
345598,リククラゲ,【中古】サプライ ポケモンカードゲーム デッキシールド(スリーブ) リククラゲ ポケモンセンター限定,1030,ネットショップ駿河屋 楽天市場店,1.1,必須条件をすべて満たす候補が1件だけで、主要語がすべて一致しました,
345604,ハカドッグ,ポケモンカードゲーム デッキシールド ハカドッグ,1120,フルアヘッド,0.9,必須条件をすべて満たす候補が1件だけで、主要語がすべて一致しました,
345628,パーモット,ポケモンセンターオリジナル ポケモンカードゲーム デッキシールド スリーブ パーモット 代引不可商品,1780,WFS(World Free Store),1.1,必須条件をすべて満たす候補が1件だけで、主要語がすべて一致しました,
345666,花かんむりとマリルたち,ポケモンセンターオリジナル ポケモンカードゲーム デッキシールド スリーブ 花かんむりとマリルたち 代引不可商品,1780,WFS(World Free Store),1.1,必須条件をすべて満たす候補が1件だけで、主要語がすべて一致しました,
345772,ピカチュウの贈り物,ポケモンTCG 64ct カードスリーブ デッキシールド ピカチュウの贈り物,1974,梵たん 楽天市場店,1.1,必須条件をすべて満たす候補が1件だけで、主要語がすべて一致しました,
346069,ハヤト,ポケモンセンターオリジナル ポケモンカードゲーム デッキシールド スリーブ ハヤト 代引不可商品,1780,WFS(World Free Store),1.1,必須条件をすべて満たす候補が1件だけで、主要語がすべて一致しました,
346076,ウパー（パルデアのすがた）,ポケモンカードゲーム デッキシールド ウパー（パルデアのすがた）,1320,フルアヘッド,0.9,必須条件をすべて満たす候補が1件だけで、主要語がすべて一致しました,
346106,テラスタルデデンネ,ポケモンカードゲーム デッキシールド プレミアム・グロス テラスタルデデンネ,1120,フルアヘッド,0.9,必須条件をすべて満たす候補が1件だけで、主要語がすべて一致しました,
346120,テラスタルギャラドス,ポケモンカードゲーム デッキシールド プレミアム・グロス テラスタルギャラドス,1120,フルアヘッド,0.9,必須条件をすべて満たす候補が1件だけで、主要語がすべて一致しました,
348629,TRAINERS Salon!!,【中古】サプライ ポケモンカードゲーム デッキシールド(スリーブ) TRAINERS Salon!! ポケモンセンター限定,1750,ネットショップ駿河屋 楽天市場店,1.1,必須条件をすべて満たす候補が1件だけで、主要語がすべて一致しました,
352343,Baby Blue Eyes,ポケモンセンターオリジナル ポケモンカードゲーム デッキシールド Baby Blue Eyes,1980,P-G-shop,1.1,必須条件をすべて満たす候補が1件だけで、主要語がすべて一致しました,
352367,SHINKA NO ISHI,ポケモンカードゲーム デッキシールド SHINKA NO ISHI,800,フルアヘッド,0.9,必須条件をすべて満たす候補が1件だけで、主要語がすべて一致しました,
354286,ヒスイゾロア,ポケモンセンターオリジナル ポケモンカードゲーム デッキシールド ヒスイゾロア,2980,P-G-shop,1.1,必須条件をすべて満たす候補が1件だけで、主要語がすべて一致しました,
355641,ポケモンセンターオキナワ,ポケモンセンターオリジナル ポケモンカードゲーム デッキシールド スリーブ ポケモンセンターオキナワ オープン記念グッズ 代引不可商品,1680,WFS(World Free Store),1.1,必須条件をすべて満たす候補が1件だけで、主要語がすべて一致しました,
356105,みんなおつかれさま,ポケモンセンターオリジナル ポケモンカードゲーム デッキシールド みんなおつかれさま,2980,P-G-shop,1.1,必須条件をすべて満たす候補が1件だけで、主要語がすべて一致しました,
356112,ポケモンドールズ,ポケモンセンターオリジナル ポケモンカードゲーム デッキシールド ポケモンドールズ,2980,P-G-shop,1.1,必須条件をすべて満たす候補が1件だけで、主要語がすべて一致しました,
356136,PIKACHU ADVENTURE ゼラオラ,ポケモンセンターオリジナル ポケモンカードゲーム デッキシールド スリーブ PIKACHU ADVENTURE ゼラオラ 代引不可商品,1680,WFS(World Free Store),1.1,必須条件をすべて満たす候補が1件だけで、主要語がすべて一致しました,
357652,HISUI DAYS 主人公,ポケモンセンターオリジナル ポケモンカードゲーム デッキシールド スリーブ HISUI DAYS 主人公 ヒスイ デイズ 代引不可商品,1680,WFS(World Free Store),1.1,必須条件をすべて満たす候補が1件だけで、主要語がすべて一致しました,
357669,HISUI DAYS カイ,ポケモンカードゲーム デッキシールド HISUI DAYS カイ,1320,フルアヘッド,0.9,必須条件をすべて満たす候補が1件だけで、主要語がすべて一致しました,
359502,ニャビー＆エネコ,ポケモンセンターオリジナル ポケモンカードゲーム デッキシールド スリーブ ニャビー&エネコ 代引不可商品,1680,WFS(World Free Store),1.1,必須条件をすべて満たす候補が1件だけで、主要語がすべて一致しました,
359571,ゲンガー,【中古】サプライ ポケモンカードゲーム デッキシールド(スリーブ) プレミアム・グロス ゲンガー ポケモンセンター限定,1630,ネットショップ駿河屋 楽天市場店,1.1,必須条件をすべて満たす候補が1件だけで、主要語がすべて一致しました,
359625,ピカチュウ&ニャオハ,【中古】サプライ ポケモンカードゲーム デッキシールド(スリーブ) ピカチュウ＆ニャオハ ポケモンセンター限定,1500,ネットショップ駿河屋 楽天市場店,1.1,必須条件をすべて満たす候補が1件だけで、主要語がすべて一致しました,
360614,スイレン,【中古】サプライ ポケモンカードゲーム デッキシールド(スリーブ) スイレン ポケモンセンター限定,2250,ネットショップ駿河屋 楽天市場店,1.1,必須条件をすべて満たす候補が1件だけで、主要語がすべて一致しました,
361055,テラスタルドラパルト,ポケモンカード デッキシールドプレミアム・グロス テラスタルドラパルト 64枚入り 未開封スリーブ 【中古】,4300,トレカ通販 トレトク楽天市場店,0.9,必須条件をすべて満たす候補が1件だけで、主要語がすべて一致しました,
361246,ダルマッカ&ヒトモシ&ペロッパフ&ボクレー,ポケモンセンターオリジナル ポケモンカードゲーム デッキシールド スリーブ ダルマッカ＆ヒトモシ＆ペロッパフ＆ボクレー 代引不可商品,1780,WFS(World Free Store),1.1,必須条件をすべて満たす候補が1件だけで、主要語がすべて一致しました,
361284,ゼイユ・スグリ,【中古】サプライ ポケモンカードゲーム デッキシールド(スリーブ) ゼイユ・スグリ ポケモンセンター・ジム限定,2250,ネットショップ駿河屋 楽天市場店,1.1,必須条件をすべて満たす候補が1件だけで、主要語がすべて一致しました,
361598,だんけつのつばさ,ポケモンカード デッキシールド だんけつのつばさ 64枚入り 未開封スリーブ 【中古】,1570,トレカ通販 トレトク楽天市場店,0.9,必須条件をすべて満たす候補が1件だけで、主要語がすべて一致しました,
362250,テラパゴス（ステラフォルム）,ポケモンカードゲーム デッキシールド スリーブ プレミアム グロス テラパゴス (ステラフォルム) 代引不可商品,1780,WFS(World Free Store),1.1,必須条件をすべて満たす候補が1件だけで、主要語がすべて一致しました,
362403,テラスタイプ：ステラ ピカチュウ,【新品】【即納】【同梱不可】ポケモンカードゲーム デッキシールド プレミアム・グロス テラスタイプ：ステラ ピカチュウ　Pokemon グロス仕様,219,SPW楽天市場店,1.1,必須条件をすべて満たす候補が1件だけで、主要語がすべて一致しました,
362410,パルデアの冒険 コライドン＆ドオー,【未開封】ポケモンカードゲーム デッキシールド パルデアの冒険 コライドン＆ドオー スリーブ【一宮店】,1400,お宝五番街,1.1,必須条件をすべて満たす候補が1件だけで、主要語がすべて一致しました,
362427,ガラルの冒険 ザシアン＆マホイップ,【未開封】ポケモンカードゲーム デッキシールド ガラルの冒険 ザシアン＆マホイップ スリーブ【一宮店】,1400,お宝五番街,1.1,必須条件をすべて満たす候補が1件だけで、主要語がすべて一致しました,
362465,シンオウの冒険 ディアルガ＆ルカリオ,【中古】サプライ ポケモンカードゲーム デッキシールド(スリーブ) シンオウの冒険 ディアルガ＆ルカリオ ポケモンセンター・ポケモンカードジム限定,1630,ネットショップ駿河屋 楽天市場店,1.1,必須条件をすべて満たす候補が1件だけで、主要語がすべて一致しました,
362489,ジョウトの冒険 ルギア＆バンギラス,【中古】サプライ ポケモンカードゲーム デッキシールド(スリーブ) ジョウトの冒険 ルギア＆バンギラス ポケモンセンター・ポケモンカードジム限定,1070,ネットショップ駿河屋 楽天市場店,1.1,必須条件をすべて満たす候補が1件だけで、主要語がすべて一致しました,
362502,カントーの冒険 ピカチュウ＆カビゴン,【中古】サプライ ポケモンカードゲーム デッキシールド(スリーブ) カントーの冒険 ピカチュウ＆カビゴン ポケモンセンター・ポケモンカードジム限定,1250,ネットショップ駿河屋 楽天市場店,1.1,必須条件をすべて満たす候補が1件だけで、主要語がすべて一致しました,
362557,アローラナッシーと仲間たち,ポケモンカードゲーム ポケモンカードゲーム デッキシールド アローラナッシーと仲間たち,1320,フルアヘッド,0.9,必須条件をすべて満たす候補が1件だけで、主要語がすべて一致しました,
362625,テラスタイプ：ステラ ソウブレイズ,ポケモンカード デッキシールドプレミアム・グロス テラスタイプ：ステラ ソウブレイズ 64枚入り 未開封スリーブ 【中古】,3970,トレカ通販 トレトク楽天市場店,0.9,必須条件をすべて満たす候補が1件だけで、主要語がすべて一致しました,
362632,テラスタイプ：ステラ ニンフィア,【中古】サプライ ポケモンカードゲーム デッキシールド(スリーブ) プレミアム・グロス テラスタイプ：ステラ ニンフィア ポケモンセンター限定,1880,ネットショップ駿河屋 楽天市場店,1.1,必須条件をすべて満たす候補が1件だけで、主要語がすべて一致しました,
364537,グレイシア,【中古】サプライ ポケモンカードゲーム デッキシールド(スリーブ) グレイシア ポケモンセンター限定,1130,ネットショップ駿河屋 楽天市場店,1.1,必須条件をすべて満たす候補が1件だけで、主要語がすべて一致しました,
364544,リーフィア,【中古】サプライ ポケモンカードゲーム デッキシールド(スリーブ) リーフィア ポケモンセンター限定,1200,ネットショップ駿河屋 楽天市場店,1.1,必須条件をすべて満たす候補が1件だけで、主要語がすべて一致しました,
364636,ヒスイバクフーン＆ヒスイダイケンキ＆ヒスイジュナイパー,ポケモンセンターオリジナル ポケモンカードゲーム デッキシールド スリーブ ヒスイジュナイパー ヒスイバクフーン ヒスイダイケンキ 代引不可商品,1280,WFS(World Free Store),1.1,必須条件をすべて満たす候補が1件だけで、主要語がすべて一致しました,
364643,バサギリ,ポケモンセンターオリジナル ポケモンカードゲーム デッキシールド スリーブ バサギリ 代引不可商品,1280,WFS(World Free Store),1.1,必須条件をすべて満たす候補が1件だけで、主要語がすべて一致しました,
364650,カスミ&スターミー,ポケモンカードゲーム デッキシールド カスミ＆スターミー,1520,フルアヘッド,0.9,必須条件をすべて満たす候補が1件だけで、主要語がすべて一致しました,
364742,カミツレの休日,ポケモンカードゲーム デッキシールド カミツレの休日,1020,フルアヘッド,0.9,必須条件をすべて満たす候補が1件だけで、主要語がすべて一致しました,
364865,ポッチャマ,ポケモンカードゲーム デッキシールド ポッチャマ,1780,P-G-shop,1.1,必須条件をすべて満たす候補が1件だけで、主要語がすべて一致しました,
365442,リザードン,【中古】サプライ ポケモンカードゲーム デッキシールド(スリーブ) プレミアム・グロス リザードン ポケモンセンター限定,970,ネットショップ駿河屋 楽天市場店,1.1,必須条件をすべて満たす候補が1件だけで、主要語がすべて一致しました,
365466,ミュウツーVSTAR,ポケモンセンターオリジナル ポケモンカードゲーム デッキシールド ミュウツーVSTAR,1980,P-G-shop,1.1,必須条件をすべて満たす候補が1件だけで、主要語がすべて一致しました,
365510,Pokémon GO,ポケモンカードゲーム デッキシールド Pokémon GO,980,P-G-shop,1.1,必須条件をすべて満たす候補が1件だけで、主要語がすべて一致しました,
365534,かがやくサーナイト,【中古】サプライ ポケモンカードゲーム デッキシールド(スリーブ) かがやくサーナイト ポケモンセンター限定,1250,ネットショップ駿河屋 楽天市場店,1.1,必須条件をすべて満たす候補が1件だけで、主要語がすべて一致しました,
365558,ヌメルゴン（ヒスイのすがた）,ポケモンカードゲーム デッキシールド ヌメルゴン（ヒスイのすがた）,1320,フルアヘッド,0.9,必須条件をすべて満たす候補が1件だけで、主要語がすべて一致しました,
365565,マルマイン（ヒスイのすがた）,ポケモンセンターオリジナル ポケモンカードゲーム デッキシールド スリーブ マルマイン ヒスイのすがた 代引不可商品,1280,WFS(World Free Store),1.1,必須条件をすべて満たす候補が1件だけで、主要語がすべて一致しました,
365589,ゾロアーク（ヒスイのすがた）,ポケモンセンターオリジナル ポケモンカードゲーム デッキシールド スリーブ ゾロアーク ヒスイのすがた 代引不可商品,1280,WFS(World Free Store),1.1,必須条件をすべて満たす候補が1件だけで、主要語がすべて一致しました,
365633,パルキア（オリジンフォルム）,ポケモンセンターオリジナル ポケモンカードゲーム デッキシールド スリーブ パルキア オリジンフォルム 代引不可商品,1480,WFS(World Free Store),1.1,必須条件をすべて満たす候補が1件だけで、主要語がすべて一致しました,
365664,ガーディ（ヒスイのすがた）,ポケモンカード デッキシールド ガーディ(ヒスイのすがた) 64枚入り 未開封スリーブ 【中古】,940,トレカ通販 トレトク楽天市場店,0.9,必須条件をすべて満たす候補が1件だけで、主要語がすべて一致しました,
365855,シロナ＆ガブリアス,ポケモンカード デッキシールド シロナ＆ガブリアス 64枚入り 未開封スリーブ 【中古】,2840,トレカ通販 トレトク楽天市場店,0.9,必須条件をすべて満たす候補が1件だけで、主要語がすべて一致しました,
365930,ルカリオ,【中古】サプライ ポケモンカードゲーム デッキシールド(スリーブ) ルカリオ ポケモンセンター限定,1630,ネットショップ駿河屋 楽天市場店,1.1,必須条件をすべて満たす候補が1件だけで、主要語がすべて一致しました,
367873,レポートかいてね,ポケモンカードゲーム デッキシールド レポートかいてね!,2520,フルアヘッド,0.9,必須条件をすべて満たす候補が1件だけで、主要語がすべて一致しました,
367897,ちからつきた,【中古】サプライ ポケモンカードゲーム デッキシールド(スリーブ) ちからつきた ポケモンセンター限定,2250,ネットショップ駿河屋 楽天市場店,1.1,必須条件をすべて満たす候補が1件だけで、主要語がすべて一致しました,
371771,POKÉMON TRAINERS Off Shot! ユウリ＆マリィ,ポケモンセンターオリジナル ポケモンカードゲーム デッキシールド POKÉMON TRAINERS Off Shot! ユウリ＆マリィ,2980,P-G-shop,1.1,必須条件をすべて満たす候補が1件だけで、主要語がすべて一致しました,
371788,POKÉMON TRAINERS Off Shot! ルリナ,ポケモンセンターオリジナル ポケモンカードゲーム デッキシールド POKÉMON TRAINERS Off Shot! ルリナ,1680,P-G-shop,1.1,必須条件をすべて満たす候補が1件だけで、主要語がすべて一致しました,
371795,POKÉMON TRAINERS Off Shot! マサル＆ホップ＆ビート,ポケモンカードゲーム デッキシールド POKÉMON TRAINERS Off Shot! マサル＆ホップ＆ビート,1980,P-G-shop,1.1,必須条件をすべて満たす候補が1件だけで、主要語がすべて一致しました,
373027,ロストデザイン,ポケモンセンターオリジナル ポケモンカードゲーム デッキシールド スリーブ ロストデザイン 代引不可商品,1280,WFS(World Free Store),1.1,必須条件をすべて満たす候補が1件だけで、主要語がすべて一致しました,
373041,アクロマ,ポケモンカード デッキシールド アクロマ 64枚入り スリーブ【中古】ホビー トレーディングカード トレカ 53T03421898,1400,お宝あっとマーケット,1.1,必須条件をすべて満たす候補が1件だけで、主要語がすべて一致しました,
373263,ピカチュウ＆モルペコ,ポケモンセンターオリジナル ポケモンカードゲーム デッキシールド ピカチュウ＆モルペコ,1680,P-G-shop,1.1,必須条件をすべて満たす候補が1件だけで、主要語がすべて一致しました,
373553,飛翔リザードン,ポケモンカード デッキシールド 飛翔リザードン 64枚入り 未開封スリーブ 【中古】,880,トレカ通販 トレトク楽天市場店,0.9,必須条件をすべて満たす候補が1件だけで、主要語がすべて一致しました,
373621,ミュウ&マナフィ&ディアンシー,ポケモンカード デッキシールド ミュウ＆マナフィ＆ディアンシー 64枚入り 未開封スリーブ 【中古】,1110,トレカ通販 トレトク楽天市場店,0.9,必須条件をすべて満たす候補が1件だけで、主要語がすべて一致しました,
373645,かがやくムゲンダイナ,ポケモンカード デッキシールド プレミアム・グロス かがやくムゲンダイナ 64枚入り 未開封スリーブ 【中古】,810,トレカ通販 トレトク楽天市場店,0.9,必須条件をすべて満たす候補が1件だけで、主要語がすべて一致しました,
374697,ミュウ,ポケモンカードゲーム スリーブ デッキシールド プロ ミュウ 代引不可商品,1480,WFS(World Free Store),1.1,必須条件をすべて満たす候補が1件だけで、主要語がすべて一致しました,
375557,はかいこうせん,ポケモンセンターオリジナル ポケモンカードゲーム デッキシールド プレミアム・グロス はかいこうせん,3415,hanamaru01楽天市場店,1.1,必須条件をすべて満たす候補が1件だけで、主要語がすべて一致しました,
375564,ジラーチ星つなぎ,【中古】サプライ ポケモンカードゲーム デッキシールド(スリーブ) プレミアム・グロス ジラーチ星つなぎ ポケモンセンター限定,2380,ネットショップ駿河屋 楽天市場店,1.1,必須条件をすべて満たす候補が1件だけで、主要語がすべて一致しました,
375571,モウドクキケン,【中古】サプライ ポケモンカードゲーム デッキシールド(スリーブ) モウドクキケン ポケモンセンター限定,1200,ネットショップ駿河屋 楽天市場店,1.1,必須条件をすべて満たす候補が1件だけで、主要語がすべて一致しました,
375625,yonayonaGhost,ポケモンセンターオリジナル ポケモンカードゲーム デッキシールド スリーブ yonayonaGhost 代引不可商品,1780,WFS(World Free Store),1.1,必須条件をすべて満たす候補が1件だけで、主要語がすべて一致しました,
377070,つながるせかい,ポケモンセンターオリジナル ポケモンカードゲーム デッキシールド スリーブ つながるせかい 代引不可商品,1680,WFS(World Free Store),1.1,必須条件をすべて満たす候補が1件だけで、主要語がすべて一致しました,
377247,サカキの指令,ポケモンカードゲーム デッキシールド サカキの指令,2520,フルアヘッド,0.9,必須条件をすべて満たす候補が1件だけで、主要語がすべて一致しました,
378800,のんびりじゃらし,ポケモンセンターオリジナル ポケモンカードゲーム デッキシールド スリーブ のんびりじゃらし ニャスパー ニャオニクス 代引不可商品,1480,WFS(World Free Store),1.1,必須条件をすべて満たす候補が1件だけで、主要語がすべて一致しました,
378817,ミカン,ポケモンセンターオリジナル ポケモンカードゲーム デッキシールド スリーブ ミカン デンリュウ 代引不可商品,1780,WFS(World Free Store),1.1,必須条件をすべて満たす候補が1件だけで、主要語がすべて一致しました,
379319,ミュウ,ポケモン カード ゲーム デッキシールド ミュウ ポケカ 人気 ポケットモンスター 【om379319】,1089,キャラクター雑貨CHERICO,1.1,必須条件をすべて満たす候補が1件だけで、主要語がすべて一致しました,
382265,サイコソーダ・リフレッシュ 総柄,【中古】サプライ ポケモンカードゲーム デッキシールド(スリーブ) サイコソーダ・リフレッシュ 総柄 ポケモンセンター限定,1000,ネットショップ駿河屋 楽天市場店,1.1,必須条件をすべて満たす候補が1件だけで、主要語がすべて一致しました,
391403,水テラスタルガブリアス,ポケモンカードゲーム デッキシールド プレミアム・グロス 水テラスタルガブリアス ポケモンカード スリーブ カードスリーブ トレーディングカード,1280,かこん販売 楽天市場店,1.1,必須条件をすべて満たす候補が1件だけで、主要語がすべて一致しました,
394015,Midnight Agent -the cinema- ゲッコウガ,ポケモンセンターオリジナル ポケモンカードゲーム デッキシールド プレミアム・グロス Midnight Agent -the cinema- ゲッコウガ,1823,hanamaru01楽天市場店,1.1,必須条件をすべて満たす候補が1件だけで、主要語がすべて一致しました,
394589,雷テラスタルミュウツー,ポケモンカード デッキシールドプレミアム・グロス 雷テラスタルミュウツー 64枚入り 未開封スリーブ 【中古】,1480,トレカ通販 トレトク楽天市場店,0.9,必須条件をすべて満たす候補が1件だけで、主要語がすべて一致しました,
394602,鋼テラスタルラウドボーン,ポケモンカード デッキシールドプレミアム・グロス 鋼テラスタルラウドボーン 64枚入り 未開封スリーブ 【中古】,1450,トレカ通販 トレトク楽天市場店,0.9,必須条件をすべて満たす候補が1件だけで、主要語がすべて一致しました,
394657,ピカチュウ ポケモンワールドチャンピオンシップス2023,ポケモンカードゲーム デッキシールド ピカチュウ ポケモンワールドチャンピオンシップス2023,1820,フルアヘッド,0.9,必須条件をすべて満たす候補が1件だけで、主要語がすべて一致しました,
394909,DOWASURE,【中古】サプライ ポケモンカードゲーム デッキシールド(スリーブ) DOWASURE ポケモンセンター限定,1380,ネットショップ駿河屋 楽天市場店,1.1,必須条件をすべて満たす候補が1件だけで、主要語がすべて一致しました,
395029,ポケパルレのみがわり,【中古】サプライ ポケモンカードゲーム デッキシールド(スリーブ) ポケパルレのみがわり ポケモンセンター限定,990,ネットショップ駿河屋 楽天市場店,1.1,必須条件をすべて満たす候補が1件だけで、主要語がすべて一致しました,
398938,いっちょうあがり,ポケモンカードゲーム デッキシールド いっちょうあがり,1820,フルアヘッド,0.9,必須条件をすべて満たす候補が1件だけで、主要語がすべて一致しました,
398976,色違いのドドゲザン,ポケモンカードゲーム デッキシールド 色違いのドドゲザン,1820,フルアヘッド,0.9,必須条件をすべて満たす候補が1件だけで、主要語がすべて一致しました,
399003,ドンナモンジャTV,【中古】サプライ ポケモンカードゲーム デッキシールド(スリーブ) ドンナモンジャTV ポケモンセンター限定,1000,ネットショップ駿河屋 楽天市場店,1.1,必須条件をすべて満たす候補が1件だけで、主要語がすべて一致しました,
399010,ネモ,ポケモンセンターオリジナル ポケモンカードゲーム デッキシールド スリーブ ネモ パモット ルガルガン 代引不可商品,1780,WFS(World Free Store),1.1,必須条件をすべて満たす候補が1件だけで、主要語がすべて一致しました,
399058,イッカネズミ,ポケモンセンターオリジナル ポケモンカードゲーム デッキシールド スリーブ イッカネズミ 代引不可商品,1680,WFS(World Free Store),1.1,必須条件をすべて満たす候補が1件だけで、主要語がすべて一致しました,
399065,ギルガルド,【中古】サプライ ポケモンカードゲーム デッキシールド(スリーブ) プレミアム・グロス COOL×METAL ギルガルド ポケモンセンター限定,1500,ネットショップ駿河屋 楽天市場店,0.9,必須条件をすべて満たす候補が1件だけで、主要語がすべて一致しました,
427157,テラパゴス（テラスタルフォルム）,ポケモンセンターオリジナル ポケモンカードゲーム デッキシールド スリーブ プレミアム グロス テラパゴス テラスタルフォルム 代引不可商品,1780,WFS(World Free Store),1.1,必須条件をすべて満たす候補が1件だけで、主要語がすべて一致しました,
427188,ポケ紋 キタカミの里,【中古】サプライ ポケモンカードゲーム デッキシールド(スリーブ) ポケ紋 キタカミの里 ポケモンセンター限定,1100,ネットショップ駿河屋 楽天市場店,1.1,必須条件をすべて満たす候補が1件だけで、主要語がすべて一致しました,
427195,シャリタツ いつもの場所へ,ポケモンカードゲーム デッキシールド シャリタツ いつもの場所へ,1820,フルアヘッド,0.9,必須条件をすべて満たす候補が1件だけで、主要語がすべて一致しました,
427232,ACE SPEC,ポケモンカードゲーム デッキシールド スリーブ プレミアム グロス ACE SPEC 代引不可商品,1780,WFS(World Free Store),1.1,必須条件をすべて満たす候補が1件だけで、主要語がすべて一致しました,
427249,なかよしフレンズ,ポケモンカードゲーム デッキシールド スリーブ なかよしフレンズ ヒトカゲ ポッポ ドラメシヤ 代引不可商品,1780,WFS(World Free Store),1.1,必須条件をすべて満たす候補が1件だけで、主要語がすべて一致しました,
427737,リーリエ＆ピッピ,【中古】サプライ ポケモンカードゲーム デッキシールド(スリーブ) リーリエ＆ピッピ ポケモンセンター限定,1250,ネットショップ駿河屋 楽天市場店,1.1,必須条件をすべて満たす候補が1件だけで、主要語がすべて一致しました,
429052,PJCS2024,ポケモンカードゲーム デッキシールド プレミアム・グロス PJCS2024,1820,フルアヘッド,0.9,必須条件をすべて満たす候補が1件だけで、主要語がすべて一致しました,
431086,まいごのクワッス,ポケモンセンターオリジナル ポケモンカードゲーム デッキシールド スリーブ まいごのクワッス 代引不可商品,1980,WFS(World Free Store),1.1,必須条件をすべて満たす候補が1件だけで、主要語がすべて一致しました,
431093,PAMO NO MURE,ポケモンセンターオリジナル ポケモンカードゲーム デッキシールド スリーブ PAMO NO MURE パモ パモット パーモット 代引不可商品,1780,WFS(World Free Store),1.1,必須条件をすべて満たす候補が1件だけで、主要語がすべて一致しました,
431130,ダイゴ＆メタグロス,【中古】サプライ ポケモンカードゲーム デッキシールド(スリーブ) ダイゴ＆メタグロス ポケモンセンター限定,3000,ネットショップ駿河屋 楽天市場店,1.1,必須条件をすべて満たす候補が1件だけで、主要語がすべて一致しました,
431208,ペパー＆マフィティフ,ポケモンセンターオリジナル ポケモンカードゲーム デッキシールド スリーブ ペパー＆マフィティフ 代引不可商品,1680,WFS(World Free Store),1.1,必須条件をすべて満たす候補が1件だけで、主要語がすべて一致しました,
431697,七夕まつりごっこピカチュウ,【中古】サプライ ポケモンカードゲーム デッキシールド(スリーブ) 七夕まつりごっこピカチュウ ポケモンセンター限定,2380,ネットショップ駿河屋 楽天市場店,1.1,必須条件をすべて満たす候補が1件だけで、主要語がすべて一致しました,
431796,ファイヤー＆サンダー＆フリーザー,ポケモンセンターオリジナル ポケモンカードゲーム デッキシールド スリーブ ファイヤー＆サンダー＆フリーザー 代引不可商品,1980,WFS(World Free Store),1.1,必須条件をすべて満たす候補が1件だけで、主要語がすべて一致しました,
431819,ミミッキュ＆ソーナンス,ポケモンセンターオリジナル ポケモンカードゲーム デッキシールド ミミッキュ＆ソーナンス,2046,ぴーなっつ,1.1,必須条件をすべて満たす候補が1件だけで、主要語がすべて一致しました,
431826,進化の軌跡 クロバット,ポケモンセンターオリジナル ポケモンカードゲーム スリーブ デッキシールド プレミアム グロス 進化の軌跡 クロバット 代引不可商品,1780,WFS(World Free Store),1.1,必須条件をすべて満たす候補が1件だけで、主要語がすべて一致しました,
432069,進化の軌跡 シャンデラ,ポケモンセンターオリジナル ポケモンカードゲーム スリーブ デッキシールド プレミアム グロス 進化の軌跡 シャンデラ 代引不可商品,1780,WFS(World Free Store),1.1,必須条件をすべて満たす候補が1件だけで、主要語がすべて一致しました,
432090,ツタージャ＆ポカブ＆ミジュマル,ポケモンセンターオリジナル ポケモンカードゲーム デッキシールド スリーブ ツタージャ＆ポカブ＆ミジュマル 代引不可商品,1780,WFS(World Free Store),1.1,必須条件をすべて満たす候補が1件だけで、主要語がすべて一致しました,
432144,with elegance メガクチート,ポケモンカード デッキシールド with elegance メガクチート64枚入り 未開封スリーブ 【中古】,1290,トレカ通販 トレトク楽天市場店,0.9,必須条件をすべて満たす候補が1件だけで、主要語がすべて一致しました,
432151,with elegance メガアブソル,ポケモンカード デッキシールド with elegance メガアブソル 64枚入り 未開封スリーブ 【中古】,920,トレカ通販 トレトク楽天市場店,0.9,必須条件をすべて満たす候補が1件だけで、主要語がすべて一致しました,
432182,メガガルーラ,ポケモンセンターオリジナル ポケモンカードゲーム デッキシールド スリーブ メガガルーラ 代引不可商品,1780,WFS(World Free Store),1.1,必須条件をすべて満たす候補が1件だけで、主要語がすべて一致しました,
432199,パチリス,ポケモンセンターオリジナル ポケモンカードゲーム デッキシールド スリーブ パチリス 代引不可商品,1780,WFS(World Free Store),1.1,必須条件をすべて満たす候補が1件だけで、主要語がすべて一致しました,
432205,セレビィと仲間たち,ポケモンセンターオリジナル ポケモンカードゲーム デッキシールド スリーブ プレミアム グロス セレビィと仲間たち 代引不可商品,1780,WFS(World Free Store),1.1,必須条件をすべて満たす候補が1件だけで、主要語がすべて一致しました,
432724,ポケモンセンターカガワ,ポケモンセンターオリジナル ポケモンカードゲーム デッキシールド スリーブ ポケモンセンターカガワ ヤドン ピカチュウ 代引不可商品,1680,WFS(World Free Store),1.1,必須条件をすべて満たす候補が1件だけで、主要語がすべて一致しました,
432755,ピカチュウときのみ,ポケモンセンターオリジナル ポケモンカードゲーム デッキシールド スリーブ ピカチュウときのみ 代引不可商品,1680,WFS(World Free Store),1.1,必須条件をすべて満たす候補が1件だけで、主要語がすべて一致しました,
432809,にたものどうし ゾロア＆ヒスイゾロア,ポケモンセンターオリジナル ポケモンカードゲーム デッキシールド スリーブ にたものどうし ゾロア＆ヒスイゾロア 代引不可商品,1480,WFS(World Free Store),1.1,必須条件をすべて満たす候補が1件だけで、主要語がすべて一致しました,
432816,にたものどうし ロコン＆アローラロコン,ポケモンセンターオリジナル ポケモンカードゲーム デッキシールド スリーブ にたものどうし ロコン＆アローラロコン 代引不可商品,1480,WFS(World Free Store),1.1,必須条件をすべて満たす候補が1件だけで、主要語がすべて一致しました,
461953,ポッチャマ＆ポッタイシ＆エンペルト,ポケモンセンターオリジナル ポケモンカードゲーム デッキシールド ポッチャマ＆ポッタイシ＆エンペルト,3744,NRFオンラインショップ,1.1,必須条件をすべて満たす候補が1件だけで、主要語がすべて一致しました,
461977,メガリザードンX 古城,ポケモンカード デッキシールド メガリザードンX 古城 64枚入り 未開封スリーブ 【中古】,1150,トレカ通販 トレトク楽天市場店,0.9,必須条件をすべて満たす候補が1件だけで、主要語がすべて一致しました,
461984,ムウマージ,ポケモンセンターオリジナル ポケモンカードゲーム デッキシールド スリーブ ムウマージ 代引不可商品,1680,WFS(World Free Store),1.1,必須条件をすべて満たす候補が1件だけで、主要語がすべて一致しました,
461991,トゲデマル＆ワンパチ,ポケモンセンターオリジナル ポケモンカードゲーム デッキシールド スリーブ トゲデマル＆ワンパチ 代引不可商品,1480,WFS(World Free Store),1.1,必須条件をすべて満たす候補が1件だけで、主要語がすべて一致しました,
463599,カナリィ＆メガシビルドン,【中古】サプライ ポケモンカードゲーム デッキシールド(スリーブ) カナリィ＆メガシビルドン ポケモンセンター限定,1240,ネットショップ駿河屋 楽天市場店,1.1,必須条件をすべて満たす候補が1件だけで、主要語がすべて一致しました,
2014004,ゲノセクト,【新品】ポケモンカードゲーム オフィシャルデッキシールド ゲノセクト パック 【代金引換不可】ポケモン　32枚入　本体サイズ :約 W85 x D12 x H140 mm (うち、ヘッダー30mm) 大切なカードをキズから守る,5003,ヨツバ商店 楽天市場店,0.9,必須条件をすべて満たす候補が1件だけで、主要語がすべて一致しました,
2019001,シロナ＆カトレア,ポケモンカード デッキシールド シロナ＆カトレア 64枚入り 未開封スリーブ 【中古】,7800,トレカ通販 トレトク楽天市場店,0.9,必須条件をすべて満たす候補が1件だけで、主要語がすべて一致しました,
2019005,ハナダシティジムのカスミ,【中古】サプライ [単品] カスミ デッキシールド(スリーブ) 「ポケモンカードゲーム サン＆ムーン トレーナーバトルデッキ ハナダシティジムのカスミ ポケモンセンター限定」 同梱品,2130,ネットショップ駿河屋 楽天市場店,0.9,必須条件をすべて満たす候補が1件だけで、主要語がすべて一致しました,
2021003,コルニ,ポケモンカード デッキシールド コルニ 64枚入り 未開封スリーブ 【中古】,1110,トレカ通販 トレトク楽天市場店,0.9,必須条件をすべて満たす候補が1件だけで、主要語がすべて一致しました,
2021004,ソニア,ポケモンカード デッキシールド ソニア 64枚入り 未開封スリーブ 【中古】,900,トレカ通販 トレトク楽天市場店,0.9,必須条件をすべて満たす候補が1件だけで、主要語がすべて一致しました,
2022005,シンジュ団の仲間たち,ポケモンカードゲーム 【デッキシールド単品】デッキシールド シンジュ団の仲間たち,1020,フルアヘッド,0.9,必須条件をすべて満たす候補が1件だけで、主要語がすべて一致しました,
2024001,デッキシールドコレクション 古代・未来「ハバタクカミ」,【中古】サプライ 3.ハバタクカミ デッキシールド(スリーブ) 「ポケモンカードゲーム デッキシールドコレクション 古代・未来」 ポケモンセンター・ポケモンカードジム限定,1380,ネットショップ駿河屋 楽天市場店,0.9,必須条件をすべて満たす候補が1件だけで、主要語がすべて一致しました,
2024005,デッキシールドコレクション 古代・未来「テツノイサハ」,【中古】サプライ 10.テツノイサハ デッキシールド(スリーブ) 「ポケモンカードゲーム デッキシールドコレクション 古代・未来」 ポケモンセンター・ポケモンカードジム限定,730,ネットショップ駿河屋 楽天市場店,0.9,必須条件をすべて満たす候補が1件だけで、主要語がすべて一致しました,
2024010,デッキシールドコレクション 古代・未来「テツノカイナ」,【中古】サプライ 5.テツノカイナ デッキシールド(スリーブ) 「ポケモンカードゲーム デッキシールドコレクション 古代・未来」 ポケモンセンター・ポケモンカードジム限定,1220,ネットショップ駿河屋 楽天市場店,0.9,必須条件をすべて満たす候補が1件だけで、主要語がすべて一致しました,
